genome,cluster,score
GCF_018613135_1.fna,1_1,100.28827534069978
GCF_023823995_1.fna,1_2,100.52376135686112
GCF_023502825_1.fna,1_3,95.76710728710788
GCA_016757415_1.fna,1_4,99.3968026948071
GCF_024169475_1.fna,1_5,1102.371924756057
GCA_018613485_1.fna,1_6,91.65673104800132
GCF_023502885_1.fna,1_7,101.96288899271721
GCF_022603155_1.fna,1_8,599.6539143623808
GCF_001636405_1.fna,1_9,1099.5785843898575
GCF_030123165_1.fna,1_10,101.22824972287884
GCA_000785385_1.fna,1_11,89.47107432833424
GCF_024733505_1.fna,1_12,100.69393235467794
GCA_014839555_1.fna,1_13,95.61777962506319
GCA_001429835_1.fna,1_14,100.35305557952742
GCF_022394675_1.fna,1_15,99.48224283660896
GCF_007828935_1.fna,1_16,98.94286027455654
GCA_001636485_1.fna,1_17,92.68640338152048
GCF_029625965_1.fna,1_18,99.47987712560666
GCF_030122925_1.fna,1_19,99.9276598958962
GCF_026794285_1.fna,1_20,98.23511668881342
GCA_002998155_1.fna,1_21,99.53924439523837
GCF_026891895_1.fna,1_22,98.93853273232766
GCA_030804025_1.fna,1_23,99.63359897436284
GCF_026794655_1.fna,1_24,94.50588305294389
GCF_025960625_1.fna,1_25,101.43808758846143
GCF_025548515_1.fna,1_26,98.29341032243529
GCA_001636475_1.fna,1_27,97.6230612288474
GCF_030348515_1.fna,1_28,90.49048288277851
GCA_021012855_1.fna,1_29,1100.720434805978
GCA_024160055_1.fna,1_30,98.84118285119145
GCF_023714145_1.fna,1_31,89.11893256013539
GCA_019748875_1.fna,1_32,99.78980211501516
GCA_002276655_1.fna,1_33,95.33676201961678
GCF_014876505_1.fna,1_34,100.54295190185269
GCF_030348785_1.fna,1_35,100.8711784010709
GCF_023823955_1.fna,1_36,101.63414294287057
GCF_030348775_1.fna,1_37,98.68329086898846
GCF_004006475_1.fna,1_38,98.17921427111433
GCA_001277335_1.fna,1_39,100.47840167657672
GCA_001277355_1.fna,1_40,99.48082602478588
GCF_026795095_1.fna,1_41,96.30654829924555
GCF_029222345_1.fna,1_42,97.46485801866478
