user_genome	classification	closest_genome_reference	closest_genome_reference_radius	closest_genome_taxonomy	closest_genome_ani	closest_genome_af	closest_placement_reference	closest_placement_radius	closest_placement_taxonomy	closest_placement_ani	closest_placement_af	pplacer_taxonomy	classification_method	note	other_related_references(genome_id,species_name,radius,ANI,AF)	msa_percent	translation_table	red_value	warnings
bin-1-51	d__Bacteria;p__Pseudomonadota;c__Gammaproteobacteria;o__Enterobacterales;f__Enterobacteriaceae;g__Pantoea;s__	N/A	N/A	N/A	N/A	N/A	N/A	N/A	N/A	N/A	N/A	d__Bacteria;p__Pseudomonadota;c__Gammaproteobacteria;o__Enterobacterales;f__Enterobacteriaceae;g__Pantoea;s__	taxonomic classification defined by topology and ANI	classification based on placement in class-level tree	GCF_000710035.2, s__Pantoea ananatis, 95.0, 89.4, 0.65; GCF_002307475.1, s__Pantoea allii, 95.0, 89.18, 0.643; GCF_008801695.1, s__Pantoea stewartii, 95.0, 86.25, 0.377	98.63	11	0.99153	Genome not assigned to closest species as it falls outside its pre-defined ANI radius
bin-1-53	d__Bacteria;p__Bacillota;c__Bacilli;o__Staphylococcales;f__Staphylococcaceae;g__Staphylococcus;s__Staphylococcus warneri_A	GCF_003491325.1	95.0	d__Bacteria;p__Bacillota;c__Bacilli;o__Staphylococcales;f__Staphylococcaceae;g__Staphylococcus;s__Staphylococcus warneri_A	99.02	0.901	GCF_003491325.1	95.0	d__Bacteria;p__Bacillota;c__Bacilli;o__Staphylococcales;f__Staphylococcaceae;g__Staphylococcus;s__Staphylococcus warneri_A	99.02	0.901	d__Bacteria;p__Bacillota;c__Bacilli;o__Staphylococcales;f__Staphylococcaceae;g__Staphylococcus;s__	taxonomic classification defined by topology and ANI	topological placement and ANI have congruent species assignments	GCF_900636385.1, s__Staphylococcus warneri, 95.0, 94.27, 0.875; GCF_003970495.1, s__Staphylococcus pasteuri, 95.0, 85.14, 0.308	97.66	11	N/A	N/A
bin-1-54	d__Bacteria;p__Bacillota;c__Bacilli;o__Bacillales_B;f__DSM-1321;g__Peribacillus;s__Peribacillus frigoritolerans	GCF_001636405.1	95.0	d__Bacteria;p__Bacillota;c__Bacilli;o__Bacillales_B;f__DSM-1321;g__Peribacillus;s__Peribacillus frigoritolerans	97.2	0.879	GCF_001636405.1	95.0	d__Bacteria;p__Bacillota;c__Bacilli;o__Bacillales_B;f__DSM-1321;g__Peribacillus;s__Peribacillus frigoritolerans	97.2	0.879	d__Bacteria;p__Bacillota;c__Bacilli;o__Bacillales_B;f__DSM-1321;g__Peribacillus;s__	taxonomic classification defined by topology and ANI	topological placement and ANI have congruent species assignments	GCA_030562215.1, s__Peribacillus frigoritolerans_B, 95.0, 94.98, 0.822; GCF_002835675.1, s__Peribacillus sp002835675, 95.0, 94.01, 0.811; GCF_030676415.1, s__Peribacillus frigoritolerans_A, 95.0, 93.97, 0.775; GCF_002243645.1, s__Peribacillus simplex, 95.0, 93.7, 0.79; GCF_022603275.1, s__Peribacillus sp022603275, 95.0, 93.46, 0.787; GCF_018613325.1, s__Peribacillus sp018613325, 95.0, 93.45, 0.766; GCF_918698195.1, s__Peribacillus simplex_E, 95.0, 93.35, 0.748; GCF_030123325.1, s__Peribacillus simplex_D, 95.0, 93.08, 0.769; GCF_014844095.1, s__Peribacillus sp014844095, 95.0, 92.51, 0.755; GCF_017355165.1, s__Peribacillus sp017355165, 95.0, 92.04, 0.734; GCF_030348945.1, s__Peribacillus sp030348945, 95.0, 90.99, 0.696; GCF_001578185.1, s__Peribacillus simplex_A, 95.0, 89.93, 0.586; GCF_918698115.1, s__Peribacillus sp918698115, 95.0, 88.42, 0.535; GCF_001439925.1, s__Peribacillus muralis, 95.0, 84.69, 0.278; GCF_001273755.1, s__Peribacillus butanolivorans, 95.0, 84.64, 0.263; GCF_001542915.1, s__Peribacillus simplex_B, 95.0, 84.46, 0.274; GCF_030271255.1, s__Peribacillus sp030271255, 95.0, 84.33, 0.206; GCF_001645685.2, s__Peribacillus muralis_A, 95.0, 84.31, 0.241	68.86	11	N/A	N/A
bin-1-57	d__Bacteria;p__Actinomycetota;c__Actinomycetes;o__Actinomycetales;f__Brevibacteriaceae;g__Brevibacterium;s__Brevibacterium sp021023135	GCF_021023135.1	95.0	d__Bacteria;p__Actinomycetota;c__Actinomycetes;o__Actinomycetales;f__Brevibacteriaceae;g__Brevibacterium;s__Brevibacterium sp021023135	98.31	0.915	GCF_021023135.1	95.0	d__Bacteria;p__Actinomycetota;c__Actinomycetes;o__Actinomycetales;f__Brevibacteriaceae;g__Brevibacterium;s__Brevibacterium sp021023135	98.31	0.915	d__Bacteria;p__Actinomycetota;c__Actinomycetes;o__Actinomycetales;f__Brevibacteriaceae;g__Brevibacterium;s__	taxonomic classification defined by topology and ANI	topological placement and ANI have congruent species assignments	N/A	96.78	11	N/A	N/A
bin-1-59	d__Bacteria;p__Bacillota;c__Bacilli;o__Paenibacillales;f__Paenibacillaceae;g__Paenibacillus;s__Paenibacillus sp001955535	GCF_001955535.1	95.0	d__Bacteria;p__Bacillota;c__Bacilli;o__Paenibacillales;f__Paenibacillaceae;g__Paenibacillus;s__Paenibacillus sp001955535	99.99	0.946	GCF_001955535.1	95.0	d__Bacteria;p__Bacillota;c__Bacilli;o__Paenibacillales;f__Paenibacillaceae;g__Paenibacillus;s__Paenibacillus sp001955535	99.99	0.946	d__Bacteria;p__Bacillota;c__Bacilli;o__Paenibacillales;f__Paenibacillaceae;g__Paenibacillus;s__	taxonomic classification defined by topology and ANI	topological placement and ANI have congruent species assignments	GCF_028747985.1, s__Paenibacillus urinalis, 95.0, 93.9, 0.762; GCF_900116105.1, s__Paenibacillus sp900116105, 95.0, 88.41, 0.567	89.91	11	N/A	N/A
bin-1-64	d__Bacteria;p__Bacillota;c__Bacilli;o__Bacillales;f__Bacillaceae;g__Bacillus;s__Bacillus licheniformis	GCF_000011645.1	95.0	d__Bacteria;p__Bacillota;c__Bacilli;o__Bacillales;f__Bacillaceae;g__Bacillus;s__Bacillus licheniformis	99.75	0.985	GCF_000011645.1	95.0	d__Bacteria;p__Bacillota;c__Bacilli;o__Bacillales;f__Bacillaceae;g__Bacillus;s__Bacillus licheniformis	99.75	0.985	d__Bacteria;p__Bacillota;c__Bacilli;o__Bacillales;f__Bacillaceae;g__Bacillus;s__	taxonomic classification defined by topology and ANI	topological placement and ANI have congruent species assignments	GCF_001969855.1, s__Bacillus haynesii, 95.0, 95.49, 0.908; GCF_001042485.2, s__Bacillus paralicheniformis, 95.0, 94.49, 0.896; GCF_001969815.1, s__Bacillus swezeyi, 95.0, 84.63, 0.312; GCF_029537375.1, s__Bacillus sonorensis_A, 95.0, 84.55, 0.283; GCF_001592005.1, s__Bacillus sonorensis, 95.0, 84.16, 0.225; GCF_001042475.2, s__Bacillus glycinifermentans, 95.0, 84.06, 0.196	97.26	11	N/A	N/A
bin-1-68	d__Bacteria;p__Actinomycetota;c__Actinomycetes;o__Mycobacteriales;f__Mycobacteriaceae;g__Corynebacterium;s__	N/A	N/A	N/A	N/A	N/A	GCF_030826625.1	95.0	d__Bacteria;p__Actinomycetota;c__Actinomycetes;o__Mycobacteriales;f__Mycobacteriaceae;g__Corynebacterium;s__Corynebacterium sp030826625	90.55	0.443	d__Bacteria;p__Actinomycetota;c__Actinomycetes;o__Mycobacteriales;f__Mycobacteriaceae;g__Corynebacterium;s__	taxonomic classification defined by topology and ANI	classification based on placement in class-level tree	GCF_000375525.1, s__Corynebacterium propinquum, 95.0, 86.45, 0.192; GCF_030232885.1, s__Corynebacterium sp030232885, 95.0, 86.34, 0.206; GCF_000688415.1, s__Corynebacterium pseudodiphtheriticum, 95.0, 86.25, 0.184	96.35	11	0.99601	N/A
bin-2-53	d__Bacteria;p__Bacillota;c__Bacilli;o__Bacillales;f__Bacillaceae;g__Metabacillus;s__Metabacillus halosaccharovorans	GCF_002019635.1	95.0	d__Bacteria;p__Bacillota;c__Bacilli;o__Bacillales;f__Bacillaceae;g__Metabacillus;s__Metabacillus halosaccharovorans	98.9	0.92	GCF_002019635.1	95.0	d__Bacteria;p__Bacillota;c__Bacilli;o__Bacillales;f__Bacillaceae;g__Metabacillus;s__Metabacillus halosaccharovorans	98.9	0.92	d__Bacteria;p__Bacillota;c__Bacilli;o__Bacillales;f__Bacillaceae;g__Metabacillus;s__	taxonomic classification defined by topology and ANI	topological placement and ANI have congruent species assignments	GCF_020524345.1, s__Metabacillus niabensis_B, 95.0, 94.62, 0.8; GCF_000518865.1, s__Metabacillus sp000518865, 95.0, 94.58, 0.814; GCF_903166545.1, s__Metabacillus schmidteae, 95.0, 85.3, 0.289	95.41	11	N/A	N/A
bin-2-57	d__Bacteria;p__Bacillota;c__Bacilli;o__Bacillales_B;f__DSM-18226;g__Cytobacillus;s__Cytobacillus oceanisediminis	GCF_007830235.1	95.0	d__Bacteria;p__Bacillota;c__Bacilli;o__Bacillales_B;f__DSM-18226;g__Cytobacillus;s__Cytobacillus oceanisediminis	95.61	0.797	GCF_007830235.1	95.0	d__Bacteria;p__Bacillota;c__Bacilli;o__Bacillales_B;f__DSM-18226;g__Cytobacillus;s__Cytobacillus oceanisediminis	95.61	0.797	d__Bacteria;p__Bacillota;c__Bacilli;o__Bacillales_B;f__DSM-18226;g__Cytobacillus;s__	taxonomic classification defined by topology and ANI	topological placement and ANI have congruent species assignments	GCF_003182355.1, s__Cytobacillus oceanisediminis_A, 95.0, 93.25, 0.718; GCA_018613035.1, s__Cytobacillus sp018613035, 95.0, 89.45, 0.505; GCF_026011715.1, s__Cytobacillus sp026011715, 95.0, 83.13, 0.159	70.57	11	N/A	N/A
bin-2-58	d__Bacteria;p__Bacillota;c__Bacilli;o__Bacillales_B;f__DSM-18226;g__Mesobacillus;s__Mesobacillus sp014856545	GCF_014856545.2	95.0	d__Bacteria;p__Bacillota;c__Bacilli;o__Bacillales_B;f__DSM-18226;g__Mesobacillus;s__Mesobacillus sp014856545	98.01	0.858	GCF_014856545.2	95.0	d__Bacteria;p__Bacillota;c__Bacilli;o__Bacillales_B;f__DSM-18226;g__Mesobacillus;s__Mesobacillus sp014856545	98.01	0.858	d__Bacteria;p__Bacillota;c__Bacilli;o__Bacillales_B;f__DSM-18226;g__Mesobacillus;s__	taxonomic classification defined by topology and ANI	topological placement and ANI have congruent species assignments	GCF_018613235.1, s__Mesobacillus sp018613235, 95.0, 93.08, 0.735; GCF_018613195.1, s__Mesobacillus sp018613195, 95.0, 91.5, 0.655; GCF_000813125.1, s__Mesobacillus selenatarsenatis, 95.0, 87.04, 0.403; GCF_000517385.1, s__Mesobacillus boroniphilus, 95.0, 87.01, 0.386; GCF_018613315.1, s__Mesobacillus sp018613315, 95.0, 86.74, 0.393; GCF_018613155.1, s__Mesobacillus sp018613155, 95.0, 86.55, 0.379; GCF_002874535.1, s__Mesobacillus jeotgali, 95.0, 86.5, 0.372; GCF_018424685.1, s__Mesobacillus boroniphilus_A, 95.0, 86.4, 0.375; GCF_020422885.1, s__Mesobacillus selenatarsenatis_A, 95.0, 86.17, 0.37; GCF_020524355.2, s__Mesobacillus subterraneus_C, 95.0, 85.1, 0.29	92.97	11	N/A	N/A
bin-2-63	d__Bacteria;p__Bacillota;c__Bacilli;o__Bacillales_B;f__Bacillaceae_B;g__Rossellomorea;s__Rossellomorea marisflavi	GCF_001274775.1	95.0	d__Bacteria;p__Bacillota;c__Bacilli;o__Bacillales_B;f__Bacillaceae_B;g__Rossellomorea;s__Rossellomorea marisflavi	98.53	0.926	GCF_001274775.1	95.0	d__Bacteria;p__Bacillota;c__Bacilli;o__Bacillales_B;f__Bacillaceae_B;g__Rossellomorea;s__Rossellomorea marisflavi	98.53	0.926	d__Bacteria;p__Bacillota;c__Bacilli;o__Bacillales_B;f__Bacillaceae_B;g__Rossellomorea;s__	taxonomic classification defined by topology and ANI	topological placement and ANI have congruent species assignments	GCF_022170785.1, s__Rossellomorea marisflavi_B, 95.0, 94.78, 0.85; GCF_009806575.1, s__Rossellomorea marisflavi_A, 95.0, 93.22, 0.818	69.41	11	N/A	N/A
bin-2-69	d__Bacteria;p__Actinomycetota;c__Actinomycetes;o__Mycobacteriales;f__Mycobacteriaceae;g__Corynebacterium;s__	N/A	N/A	N/A	N/A	N/A	GCF_030826625.1	95.0	d__Bacteria;p__Actinomycetota;c__Actinomycetes;o__Mycobacteriales;f__Mycobacteriaceae;g__Corynebacterium;s__Corynebacterium sp030826625	90.5	0.44	d__Bacteria;p__Actinomycetota;c__Actinomycetes;o__Mycobacteriales;f__Mycobacteriaceae;g__Corynebacterium;s__	taxonomic classification defined by topology and ANI	classification based on placement in class-level tree	GCF_000688415.1, s__Corynebacterium pseudodiphtheriticum, 95.0, 87.07, 0.18; GCF_030232885.1, s__Corynebacterium sp030232885, 95.0, 86.78, 0.208; GCF_000375525.1, s__Corynebacterium propinquum, 95.0, 86.34, 0.193	95.89	11	0.996	N/A
bin-3-52	d__Bacteria;p__Pseudomonadota;c__Gammaproteobacteria;o__Burkholderiales;f__Burkholderiaceae;g__Telluria;s__Telluria timonae	GCF_000315425.1	95.0	d__Bacteria;p__Pseudomonadota;c__Gammaproteobacteria;o__Burkholderiales;f__Burkholderiaceae;g__Telluria;s__Telluria timonae	99.96	0.992	GCF_000315425.1	95.0	d__Bacteria;p__Pseudomonadota;c__Gammaproteobacteria;o__Burkholderiales;f__Burkholderiaceae;g__Telluria;s__Telluria timonae	99.96	0.992	d__Bacteria;p__Pseudomonadota;c__Gammaproteobacteria;o__Burkholderiales;f__Burkholderiaceae;g__Telluria;s__	taxonomic classification defined by topology and ANI	topological placement and ANI have congruent species assignments	GCF_017582745.1, s__Telluria oculi_A, 95.0, 93.89, 0.809; GCF_003143515.1, s__Telluria oculi, 95.0, 93.35, 0.758; GCF_008014745.1, s__Telluria arenae, 95.0, 93.25, 0.789; GCA_002339265.1, s__Telluria sp002339265, 95.0, 91.87, 0.67; GCF_005222695.1, s__Telluria sp005222695, 95.0, 90.78, 0.649; GCF_030770395.1, s__Telluria sp030770395, 95.0, 90.78, 0.619; GCF_030411955.1, s__Telluria sp030411955, 95.0, 87.04, 0.368; GCF_002007115.1, s__Telluria sp002007115, 95.0, 85.36, 0.247; GCF_000382345.1, s__Telluria niastensis, 95.0, 85.13, 0.261; GCF_018119405.1, s__Telluria sp018119405, 95.0, 85.09, 0.232; GCA_946886065.1, s__Telluria sp946886065, 95.0, 85.09, 0.204; GCA_014841595.1, s__Telluria sp014841595, 95.0, 84.92, 0.279; GCF_018119395.1, s__Telluria sp018119395, 95.0, 84.92, 0.231; GCA_014841835.1, s__Telluria sp014841835, 95.0, 84.8, 0.262; GCF_024753205.1, s__Telluria aurea, 95.0, 84.7, 0.27; GCF_030188845.1, s__Telluria varians_A, 95.0, 84.63, 0.207; GCF_014200505.1, s__Telluria aurea_B, 95.0, 84.61, 0.262; GCF_021044825.1, s__Telluria phyllostachyos, 95.0, 84.59, 0.211; GCF_000427785.1, s__Telluria alkalitolerans, 95.78, 84.5, 0.207; GCF_027923905.1, s__Telluria varians_B, 95.0, 84.48, 0.206; GCF_000740675.1, s__Telluria sp000740675, 95.0, 84.48, 0.184; GCF_020707265.1, s__Telluria sp020707265, 95.0, 84.47, 0.199; GCF_024753255.1, s__Telluria agri, 95.0, 84.27, 0.204; GCF_900112225.1, s__Telluria yuzhufengensis, 95.0, 84.27, 0.194; GCA_015277795.1, s__Telluria sp015277795, 95.0, 84.26, 0.184; GCF_902506415.1, s__Telluria sp902506415, 95.0, 84.22, 0.213; GCF_020176695.1, s__Telluria sp020176695, 95.0, 84.09, 0.197; GCF_013003915.1, s__Telluria aromaticivorans, 95.0, 83.53, 0.156; GCF_024802625.1, s__Telluria sp024802625, 95.0, 83.0, 0.152	82.7	11	N/A	N/A
bin-3-64	d__Bacteria;p__Bacillota;c__Bacilli;o__Bacillales_A;f__Planococcaceae;g__Sporosarcina;s__	N/A	N/A	N/A	N/A	N/A	GCF_001531445.1	95.0	d__Bacteria;p__Bacillota;c__Bacilli;o__Bacillales_A;f__Planococcaceae;g__Sporosarcina;s__Sporosarcina koreensis_C	91.25	0.604	d__Bacteria;p__Bacillota;c__Bacilli;o__Bacillales_A;f__Planococcaceae;g__Sporosarcina;s__	taxonomic classification defined by topology and ANI	classification based on placement in class-level tree	GCF_023715245.1, s__Sporosarcina luteola_C, 95.0, 85.94, 0.172; GCF_023715585.1, s__Sporosarcina luteola_D, 95.0, 85.89, 0.173; GCF_023715535.1, s__Sporosarcina luteola_B, 95.0, 85.58, 0.206; GCF_943736995.1, s__Sporosarcina sp943736995, 95.0, 85.25, 0.171	67.11	11	0.99062	Genome not assigned to closest species as it falls outside its pre-defined ANI radius
bin-4-52	d__Bacteria;p__Pseudomonadota;c__Gammaproteobacteria;o__Pseudomonadales;f__Moraxellaceae;g__Acinetobacter;s__Acinetobacter schindleri	GCF_000368625.1	95.0	d__Bacteria;p__Pseudomonadota;c__Gammaproteobacteria;o__Pseudomonadales;f__Moraxellaceae;g__Acinetobacter;s__Acinetobacter schindleri	98.03	0.807	GCF_000368625.1	95.0	d__Bacteria;p__Pseudomonadota;c__Gammaproteobacteria;o__Pseudomonadales;f__Moraxellaceae;g__Acinetobacter;s__Acinetobacter schindleri	98.03	0.807	d__Bacteria;p__Pseudomonadota;c__Gammaproteobacteria;o__Pseudomonadales;f__Moraxellaceae;g__Acinetobacter;s__	taxonomic classification defined by topology and ANI	topological placement and ANI have congruent species assignments	GCF_022700675.1, s__Acinetobacter sp022700675, 95.0, 91.73, 0.71; GCF_002688565.1, s__Acinetobacter sp002688565, 95.0, 88.74, 0.518; GCA_000761495.1, s__Acinetobacter idrijaensis, 95.91, 85.82, 0.236; GCF_019343495.1, s__Acinetobacter lwoffii_P, 96.33, 85.53, 0.217; GCF_000773685.1, s__Acinetobacter sp000773685, 95.0, 85.05, 0.262; GCF_000369625.1, s__Acinetobacter variabilis, 95.0, 84.68, 0.197; GCF_013417555.1, s__Acinetobacter sp013417555, 95.0, 84.65, 0.204; GCF_019048525.1, s__Acinetobacter lwoffii_K, 96.35, 84.52, 0.173; GCF_024129735.1, s__Acinetobacter lwoffii_H, 96.17, 84.4, 0.17; GCF_011058205.1, s__Acinetobacter fasciculus, 96.28, 84.36, 0.161; GCF_022809915.1, s__Acinetobacter lwoffii_M, 96.22, 84.31, 0.169; GCF_024129435.1, s__Acinetobacter lwoffii_F, 96.07, 84.17, 0.172; GCA_013530545.1, s__Acinetobacter lwoffii_G, 96.18, 84.1, 0.171; GCF_024129355.1, s__Acinetobacter lwoffii_I, 96.07, 84.09, 0.19; GCF_014769185.1, s__Acinetobacter lwoffii_D, 96.38, 84.03, 0.177; GCF_024129595.1, s__Acinetobacter lwoffii_O, 96.45, 83.93, 0.161; GCF_029024105.1, s__Acinetobacter lwoffii, 96.35, 83.92, 0.169; GCF_013417155.1, s__Acinetobacter sp013417155, 96.33, 83.91, 0.156; GCF_024129855.1, s__Acinetobacter lwoffii_L, 96.51, 83.68, 0.158; GCF_015602705.1, s__Acinetobacter lwoffii_E, 95.69, 83.58, 0.186; GCA_947627655.1, s__Acinetobacter sp947627655, 95.0, 83.57, 0.18; GCF_022967985.1, s__Acinetobacter sp002367455, 96.56, 83.48, 0.172; GCA_002332985.1, s__Acinetobacter lwoffii_N, 96.55, 83.47, 0.187; GCF_014837015.1, s__Acinetobacter pecorum, 95.0, 83.3, 0.167; GCF_002321025.1, s__Acinetobacter lwoffii_J, 95.0, 83.27, 0.179; GCF_019038395.1, s__Acinetobacter sp019038395, 95.0, 82.16, 0.155	93.58	11	N/A	N/A
bin-5-50	d__Bacteria;p__Bacillota;c__Bacilli;o__Bacillales_B;f__DSM-18226;g__Cytobacillus;s__Cytobacillus firmus_B	GCF_023657595.1	95.0	d__Bacteria;p__Bacillota;c__Bacilli;o__Bacillales_B;f__DSM-18226;g__Cytobacillus;s__Cytobacillus firmus_B	98.08	0.847	GCF_023657595.1	95.0	d__Bacteria;p__Bacillota;c__Bacilli;o__Bacillales_B;f__DSM-18226;g__Cytobacillus;s__Cytobacillus firmus_B	98.08	0.847	d__Bacteria;p__Bacillota;c__Bacilli;o__Bacillales_B;f__DSM-18226;g__Cytobacillus;s__	taxonomic classification defined by topology and ANI	topological placement and ANI have congruent species assignments	GCF_001956215.1, s__Cytobacillus sp001956215, 95.0, 95.22, 0.679; GCF_001591465.1, s__Cytobacillus firmus, 95.0, 94.64, 0.599; GCF_023612095.1, s__Cytobacillus sp002272225, 95.0, 94.4, 0.611; GCF_000565285.1, s__Cytobacillus firmus_A, 95.0, 93.84, 0.607; GCF_023715565.1, s__Cytobacillus firmus_C, 95.0, 92.75, 0.502; GCA_030348385.1, s__Cytobacillus sp030348385, 95.0, 91.06, 0.376; GCF_022811925.1, s__Cytobacillus oceanisediminis_D, 95.0, 90.96, 0.439; GCA_009849585.1, s__Cytobacillus sp009849585, 95.0, 90.56, 0.416; GCF_017303275.1, s__Cytobacillus sp017303275, 95.0, 90.36, 0.387; GCF_023516215.1, s__Cytobacillus pseudoceanisediminis, 95.0, 90.27, 0.387; GCF_004366035.1, s__Cytobacillus oceanisediminis_C, 95.0, 90.07, 0.371; GCF_001274725.1, s__Cytobacillus globisporus, 95.0, 89.46, 0.243	56.98	11	N/A	N/A
bin-5-60	d__Bacteria;p__Bacillota;c__Bacilli;o__Bacillales;f__Bacillaceae_H;g__Priestia;s__Priestia flexa	GCF_001591565.1	95.0	d__Bacteria;p__Bacillota;c__Bacilli;o__Bacillales;f__Bacillaceae_H;g__Priestia;s__Priestia flexa	99.44	0.929	GCF_001591565.1	95.0	d__Bacteria;p__Bacillota;c__Bacilli;o__Bacillales;f__Bacillaceae_H;g__Priestia;s__Priestia flexa	99.44	0.929	d__Bacteria;p__Bacillota;c__Bacilli;o__Bacillales;f__Bacillaceae_H;g__Priestia;s__	taxonomic classification defined by topology and ANI	topological placement and ANI have congruent species assignments	GCA_024134725.1, s__Priestia aryabhattai_A, 95.0, 92.13, 0.808	84.57	11	N/A	N/A
bin-5-63	d__Bacteria;p__Bacillota;c__Bacilli;o__Bacillales;f__Bacillaceae;g__Bacillus;s__Bacillus altitudinis	GCF_000691145.1	95.0	d__Bacteria;p__Bacillota;c__Bacilli;o__Bacillales;f__Bacillaceae;g__Bacillus;s__Bacillus altitudinis	98.19	0.937	GCF_000691145.1	95.0	d__Bacteria;p__Bacillota;c__Bacilli;o__Bacillales;f__Bacillaceae;g__Bacillus;s__Bacillus altitudinis	98.19	0.937	d__Bacteria;p__Bacillota;c__Bacilli;o__Bacillales;f__Bacillaceae;g__Bacillus;s__	taxonomic classification defined by topology and ANI	topological placement and ANI have congruent species assignments	GCF_000300535.1, s__Bacillus xiamenensis, 95.0, 91.29, 0.761; GCF_000715205.1, s__Bacillus zhangzhouensis, 95.0, 90.12, 0.731; GCF_024498355.1, s__Bacillus pumilus_P, 95.0, 90.11, 0.718; GCF_014764715.1, s__Bacillus sp014764715, 95.0, 89.93, 0.713; GCF_002744245.1, s__Bacillus pumilus_M, 95.0, 89.66, 0.665; GCF_900186955.1, s__Bacillus pumilus, 95.0, 89.63, 0.661; GCF_000691165.1, s__Bacillus safensis, 95.0, 89.61, 0.701; GCF_001307105.1, s__Bacillus australimaris, 95.0, 89.48, 0.686; GCF_002998085.1, s__Bacillus sp002998085, 95.0, 89.48, 0.681; GCA_030159235.1, s__Bacillus safensis_B, 95.0, 89.38, 0.665; GCF_003431975.1, s__Bacillus pumilus_N, 95.0, 89.3, 0.645; GCF_009937765.1, s__Bacillus pumilus_O, 95.0, 89.09, 0.645; GCF_025809375.1, s__Bacillus zhangzhouensis_A, 95.0, 88.4, 0.56; GCF_020524495.1, s__Bacillus stratosphericus_B, 95.0, 87.92, 0.49; GCA_001938995.1, s__Bacillus pumilus_G, 95.0, 85.98, 0.425	58.05	11	N/A	N/A
bin-6-50	d__Bacteria;p__Pseudomonadota;c__Gammaproteobacteria;o__Burkholderiales;f__Burkholderiaceae;g__Telluria;s__Telluria timonae	GCF_000315425.1	95.0	d__Bacteria;p__Pseudomonadota;c__Gammaproteobacteria;o__Burkholderiales;f__Burkholderiaceae;g__Telluria;s__Telluria timonae	99.92	0.953	GCF_000315425.1	95.0	d__Bacteria;p__Pseudomonadota;c__Gammaproteobacteria;o__Burkholderiales;f__Burkholderiaceae;g__Telluria;s__Telluria timonae	99.92	0.953	d__Bacteria;p__Pseudomonadota;c__Gammaproteobacteria;o__Burkholderiales;f__Burkholderiaceae;g__Telluria;s__	taxonomic classification defined by topology and ANI	topological placement and ANI have congruent species assignments	GCF_017582745.1, s__Telluria oculi_A, 95.0, 94.04, 0.735; GCF_003143515.1, s__Telluria oculi, 95.0, 93.34, 0.685; GCF_008014745.1, s__Telluria arenae, 95.0, 93.25, 0.708; GCA_002339265.1, s__Telluria sp002339265, 95.0, 92.05, 0.606; GCF_005222695.1, s__Telluria sp005222695, 95.0, 90.78, 0.591; GCF_030770395.1, s__Telluria sp030770395, 95.0, 90.73, 0.545; GCF_030411955.1, s__Telluria sp030411955, 95.0, 87.77, 0.344; GCF_000382345.1, s__Telluria niastensis, 95.0, 86.03, 0.248; GCF_002007115.1, s__Telluria sp002007115, 95.0, 85.98, 0.225; GCF_018119405.1, s__Telluria sp018119405, 95.0, 85.92, 0.231; GCA_014841835.1, s__Telluria sp014841835, 95.0, 85.85, 0.255; GCF_018119395.1, s__Telluria sp018119395, 95.0, 85.79, 0.229; GCA_014841595.1, s__Telluria sp014841595, 95.0, 85.73, 0.273; GCF_024753205.1, s__Telluria aurea, 95.0, 85.71, 0.25; GCF_021044825.1, s__Telluria phyllostachyos, 95.0, 85.52, 0.197; GCA_015277795.1, s__Telluria sp015277795, 95.0, 85.49, 0.187; GCF_000427785.1, s__Telluria alkalitolerans, 95.78, 85.46, 0.196; GCF_020707265.1, s__Telluria sp020707265, 95.0, 85.46, 0.184; GCF_030188845.1, s__Telluria varians_A, 95.0, 85.44, 0.195; GCF_014200505.1, s__Telluria aurea_B, 95.0, 85.39, 0.246; GCF_027923905.1, s__Telluria varians_B, 95.0, 85.36, 0.198; GCA_946886065.1, s__Telluria sp946886065, 95.0, 85.3, 0.201; GCF_024753255.1, s__Telluria agri, 95.0, 85.28, 0.196; GCF_020176695.1, s__Telluria sp020176695, 95.0, 85.24, 0.211; GCF_902506415.1, s__Telluria sp902506415, 95.0, 85.19, 0.203; GCF_000740675.1, s__Telluria sp000740675, 95.0, 85.19, 0.18; GCF_900112225.1, s__Telluria yuzhufengensis, 95.0, 85.06, 0.184; GCF_013003915.1, s__Telluria aromaticivorans, 95.0, 84.56, 0.157; GCF_024802625.1, s__Telluria sp024802625, 95.0, 84.24, 0.153	94.8	11	N/A	N/A
bin-6-61	d__Bacteria;p__Bacillota;c__Bacilli;o__Bacillales_B;f__DSM-18226;g__Bacillus_AB;s__Bacillus_AB infantis	GCF_000473245.1	95.0	d__Bacteria;p__Bacillota;c__Bacilli;o__Bacillales_B;f__DSM-18226;g__Bacillus_AB;s__Bacillus_AB infantis	98.22	0.896	GCF_000473245.1	95.0	d__Bacteria;p__Bacillota;c__Bacilli;o__Bacillales_B;f__DSM-18226;g__Bacillus_AB;s__Bacillus_AB infantis	98.22	0.896	d__Bacteria;p__Bacillota;c__Bacilli;o__Bacillales_B;f__DSM-18226;g__Bacillus_AB;s__	taxonomic classification defined by topology and ANI	topological placement and ANI have congruent species assignments	GCF_008180445.1, s__Bacillus_AB infantis_B, 95.0, 94.62, 0.847; GCF_020171945.1, s__Bacillus_AB infantis_A, 95.0, 92.65, 0.755	92.15	11	N/A	N/A
bin-9-71	d__Bacteria;p__Pseudomonadota;c__Alphaproteobacteria;o__Acetobacterales;f__Acetobacteraceae;g__Aristophania;s__	N/A	N/A	N/A	N/A	N/A	N/A	N/A	N/A	N/A	N/A	d__Bacteria;p__Pseudomonadota;c__Alphaproteobacteria;o__Acetobacterales;f__Acetobacteraceae;g__Aristophania;s__	taxonomic classification fully defined by topology	classification based on placement in class-level tree	N/A	83.02	11	0.98671	N/A
