reference,querry,ani,alignment_coverage,primary_cluster
bin-1-51.fasta,bin-1-51.fasta,1.0,0.9967741935483871,14
bin-1-53.fasta,bin-1-53.fasta,1.0,0.9950556242274413,1
bin-1-54.fasta,bin-1-54.fasta,1.0,0.9971711456859972,2
bin-1-57.fasta,bin-1-57.fasta,1.0,0.9887471867966992,15
bin-1-59.fasta,bin-1-59.fasta,1.0,0.9984301412872841,16
bin-1-64.fasta,bin-1-64.fasta,1.0,0.9926948051948052,4
bin-1-68.fasta,bin-1-68.fasta,1.0,0.99375,13
bin-1-68.fasta,bin-2-69.fasta,0.99949,0.96625,13
bin-2-69.fasta,bin-1-68.fasta,0.999678,0.9748427672955975,13
bin-2-69.fasta,bin-2-69.fasta,1.0,0.9911949685534591,13
bin-2-53.fasta,bin-2-53.fasta,1.0,0.9988235294117647,5
bin-2-57.fasta,bin-2-57.fasta,1.0,0.9976621858562245,7
bin-2-58.fasta,bin-2-58.fasta,1.0,0.9987373737373737,9
bin-2-63.fasta,bin-2-63.fasta,1.0,0.9904270986745214,3
bin-3-52.fasta,bin-3-52.fasta,1.0,0.996309963099631,12
bin-3-52.fasta,bin-6-50.fasta,0.9971599999999999,0.8105781057810578,12
bin-6-50.fasta,bin-3-52.fasta,0.99842,0.8938110749185668,12
bin-6-50.fasta,bin-6-50.fasta,1.0,0.9856677524429968,12
bin-3-64.fasta,bin-3-64.fasta,1.0,0.9815157116451017,11
bin-4-52.fasta,bin-4-52.fasta,1.0,0.9937332139659804,17
bin-5-50.fasta,bin-5-50.fasta,1.0,0.9790575916230366,8
bin-5-60.fasta,bin-5-60.fasta,1.0,0.996662958843159,18
bin-5-63.fasta,bin-5-63.fasta,1.0,0.9954075774971297,6
bin-6-61.fasta,bin-6-61.fasta,1.0,0.9981060606060606,10
bin-9-71.fasta,bin-9-71.fasta,1.0,0.9741784037558685,19
