bin	n_contigs	length_bp	pct_prok	pct_euk	pct_organelle	pct_unknown	majority	decision
bin-1-49	87	545053	0.0	85.29	0.72	13.99	euk	DESCARTADO_dominio
bin-1-50	224	2609893	93.9	0.0	0.0	6.1	prok	PASA_dominio
bin-1-51	51	4727435	100.0	0.0	0.0	0.0	prok	PASA_dominio
bin-1-52	26	415732	98.16	0.0	0.0	1.84	prok	PASA_dominio
bin-1-53	30	2476631	98.0	0.27	1.58	0.15	prok	PASA_dominio
bin-1-54	49	4312038	100.0	0.0	0.0	0.0	prok	PASA_dominio
bin-1-55	247	34242081	0.03	99.79	0.0	0.18	euk	DESCARTADO_dominio
bin-1-56	12	230366	0.0	100.0	0.0	0.0	euk	DESCARTADO_dominio
bin-1-57	22	4032412	99.94	0.0	0.0	0.06	prok	PASA_dominio
bin-1-58	4725	12125594	0.35	35.69	0.0	63.96	unknown	PASA_dominio
bin-1-59	98	5907869	97.58	0.0	0.0	2.42	prok	PASA_dominio
bin-1-60	302	8273570	97.93	0.04	0.0	2.03	prok	PASA_dominio
bin-1-61	448	40131343	0.0	99.94	0.0	0.06	euk	DESCARTADO_dominio
bin-1-62	320	7390811	99.13	0.0	0.0	0.87	prok	PASA_dominio
bin-1-63	1626	5185746	58.97	0.0	0.0	41.03	prok	PASA_dominio
bin-1-64	163	3944265	99.24	0.0	0.0	0.76	prok	PASA_dominio
bin-1-65	322	29636962	0.0	99.87	0.0	0.13	euk	DESCARTADO_dominio
bin-1-68	50	2465224	99.82	0.0	0.0	0.18	prok	PASA_dominio
bin-1-69	67	251086	61.29	7.42	0.0	31.28	prok	PASA_dominio
bin-1-70	38054	94251631	0.4	33.64	0.3	65.65	unknown	PASA_dominio
bin-1-71	371	1498934	68.48	0.0	0.0	31.52	prok	PASA_dominio
bin-1-72	167	408652	24.64	6.26	0.0	69.1	unknown	PASA_dominio
bin-10-71	506	2845557	75.97	0.0	0.0	24.03	prok	PASA_dominio
bin-11-71	41610	101946556	2.87	29.11	0.22	67.8	unknown	PASA_dominio
bin-12-71	383	1015904	43.85	0.0	0.0	56.15	unknown	PASA_dominio
bin-2-49	134	27557437	0.0	100.0	0.0	0.0	euk	DESCARTADO_dominio
bin-2-50	464	53406620	0.0	99.99	0.0	0.01	euk	DESCARTADO_dominio
bin-2-52	270	5347688	97.06	0.0	0.0	2.94	prok	PASA_dominio
bin-2-53	39	5164804	100.0	0.0	0.0	0.0	prok	PASA_dominio
bin-2-54	106	7273841	99.76	0.0	0.0	0.24	prok	PASA_dominio
bin-2-56	816	49647189	0.0	99.84	0.0	0.16	euk	DESCARTADO_dominio
bin-2-57	28	5172263	100.0	0.0	0.0	0.0	prok	PASA_dominio
bin-2-58	17	4771531	100.0	0.0	0.0	0.0	prok	PASA_dominio
bin-2-59	424	23212147	98.84	0.04	0.0	1.12	prok	PASA_dominio
bin-2-60	290	10390751	98.25	0.04	0.0	1.72	prok	PASA_dominio
bin-2-61	9	614253	0.0	100.0	0.0	0.0	euk	DESCARTADO_dominio
bin-2-62	5	227679	0.0	100.0	0.0	0.0	euk	DESCARTADO_dominio
bin-2-63	150	4282638	99.62	0.0	0.0	0.38	prok	PASA_dominio
bin-2-64	9242	26083286	0.13	47.87	0.0	52.0	unknown	PASA_dominio
bin-2-65	141	17056380	0.0	99.66	0.0	0.34	euk	DESCARTADO_dominio
bin-2-68	70	246182	52.99	5.4	0.0	41.61	prok	PASA_dominio
bin-2-69	61	2481071	99.17	0.0	0.0	0.83	prok	PASA_dominio
bin-2-70	87	278635	42.22	6.26	2.61	48.92	unknown	PASA_dominio
bin-2-71	618	1368774	21.15	0.28	0.0	78.57	unknown	PASA_dominio
bin-2-72	667	2485725	66.88	0.29	0.0	32.83	prok	PASA_dominio
bin-3-50	302	607902	8.5	0.0	0.0	91.5	unknown	PASA_dominio
bin-3-52	204	5184467	99.4	0.0	0.0	0.6	prok	PASA_dominio
bin-3-53	301	29244092	0.0	99.94	0.0	0.06	euk	DESCARTADO_dominio
bin-3-56	160	26628065	0.0	99.94	0.0	0.06	euk	DESCARTADO_dominio
bin-3-57	818	25745728	0.0	98.6	0.0	1.4	euk	DESCARTADO_dominio
bin-3-58	265	29647785	0.01	99.15	0.0	0.83	euk	DESCARTADO_dominio
bin-3-60	959	2321293	27.57	0.65	0.0	71.78	unknown	PASA_dominio
bin-3-61	50	10715439	0.0	100.0	0.0	0.0	euk	DESCARTADO_dominio
bin-3-62	117	449659	0.0	65.67	2.82	31.5	euk	DESCARTADO_dominio
bin-3-63	4589	19740558	71.36	0.23	0.81	27.6	prok	PASA_dominio
bin-3-64	459	2352198	82.93	0.0	0.0	17.07	prok	PASA_dominio
bin-3-65	5256	27711612	0.46	85.8	0.0	13.74	euk	DESCARTADO_dominio
bin-3-70	1696	4261799	32.66	0.44	0.08	66.81	unknown	PASA_dominio
bin-3-71	3657	12324162	55.57	0.07	0.0	44.36	prok	PASA_dominio
bin-3-72	1741	6597747	65.81	0.05	1.49	32.65	prok	PASA_dominio
bin-4-50	97	1654013	96.58	0.0	0.0	3.42	prok	PASA_dominio
bin-4-52	96	3497259	99.42	0.0	0.0	0.58	prok	PASA_dominio
bin-4-56	122	1739035	0.3	97.92	0.0	1.79	euk	DESCARTADO_dominio
bin-4-57	977	39075173	0.01	99.29	0.0	0.69	euk	DESCARTADO_dominio
bin-4-60	4482	25724799	0.32	88.25	0.0	11.43	euk	DESCARTADO_dominio
bin-4-61	1610	11012084	80.43	0.18	0.08	19.3	prok	PASA_dominio
bin-4-62	2707	9759046	62.48	0.41	0.04	37.07	prok	PASA_dominio
bin-4-63	856	56508797	0.0	99.68	0.0	0.32	euk	DESCARTADO_dominio
bin-4-64	428	29693972	0.04	99.19	0.0	0.77	euk	DESCARTADO_dominio
bin-4-65	2506	20150702	92.13	0.37	0.16	7.34	prok	PASA_dominio
bin-4-70	484	1565460	59.08	0.0	0.0	40.92	prok	PASA_dominio
bin-4-71	216	488562	22.78	1.38	0.0	75.84	unknown	PASA_dominio
bin-4-72	72	248801	64.22	0.0	0.0	35.78	prok	PASA_dominio
bin-5-50	1041	3472002	63.73	0.0	0.0	36.27	prok	PASA_dominio
bin-5-52	1099	3740736	62.48	0.0	0.0	37.52	prok	PASA_dominio
bin-5-56	146	552204	0.0	54.49	5.08	40.43	euk	DESCARTADO_dominio
bin-5-57	12	224138	0.0	100.0	0.0	0.0	euk	DESCARTADO_dominio
bin-5-60	97	2849856	99.07	0.0	0.0	0.93	prok	PASA_dominio
bin-5-61	273	5811268	92.27	0.0	0.0	7.73	prok	PASA_dominio
bin-5-62	222	27886446	0.04	99.69	0.0	0.27	euk	DESCARTADO_dominio
bin-5-63	90	2758939	98.83	0.0	0.0	1.17	prok	PASA_dominio
bin-5-64	2173	9450268	67.96	0.73	0.0	31.31	prok	PASA_dominio
bin-5-65	24	222213	0.0	92.81	0.0	7.19	euk	DESCARTADO_dominio
bin-5-70	282	628283	18.19	0.0	0.0	81.81	unknown	PASA_dominio
bin-5-71	118	438388	53.15	14.48	0.0	32.37	prok	PASA_dominio
bin-6-50	591	5543214	94.38	0.0	0.0	5.62	prok	PASA_dominio
bin-6-56	116	9578458	0.0	100.0	0.0	0.0	euk	DESCARTADO_dominio
bin-6-57	126	448524	0.0	67.09	0.0	32.91	euk	DESCARTADO_dominio
bin-6-61	30	4792746	99.82	0.0	0.0	0.18	prok	PASA_dominio
bin-6-63	21	367167	0.0	98.83	0.0	1.17	euk	DESCARTADO_dominio
bin-6-64	71	239057	0.0	60.85	0.0	39.15	euk	DESCARTADO_dominio
bin-6-70	3194	8190971	3.19	32.58	0.14	64.1	unknown	PASA_dominio
bin-6-71	34	453921	98.09	0.0	0.0	1.91	prok	PASA_dominio
bin-7-64	1246	3769741	54.22	0.95	0.0	44.83	prok	PASA_dominio
bin-7-71	95	258968	41.94	0.0	0.0	58.06	unknown	PASA_dominio
bin-8-71	908	2450575	41.98	0.13	0.0	57.89	unknown	PASA_dominio
bin-9-71	346	1832072	87.35	0.0	0.0	12.65	prok	PASA_dominio
