archivo	muestra	bin	n_contigs	longitud_bp
bin-1-49.fasta	49	1	87	545053
bin-1-50.fasta	50	1	224	2609893
bin-1-51.fasta	51	1	51	4727435
bin-1-52.fasta	52	1	26	415732
bin-1-53.fasta	53	1	30	2476631
bin-1-54.fasta	54	1	49	4312038
bin-1-55.fasta	55	1	247	34242081
bin-1-56.fasta	56	1	12	230366
bin-1-57.fasta	57	1	22	4032412
bin-1-58.fasta	58	1	4725	12125594
bin-1-59.fasta	59	1	98	5907869
bin-1-60.fasta	60	1	302	8273570
bin-1-61.fasta	61	1	448	40131343
bin-1-62.fasta	62	1	320	7390811
bin-1-63.fasta	63	1	1626	5185746
bin-1-64.fasta	64	1	163	3944265
bin-1-65.fasta	65	1	322	29636962
bin-1-68.fasta	68	1	50	2465224
bin-1-69.fasta	69	1	67	251086
bin-1-70.fasta	70	1	38054	94251631
bin-1-71.fasta	71	1	371	1498934
bin-1-72.fasta	72	1	167	408652
bin-10-71.fasta	71	10	506	2845557
bin-11-71.fasta	71	11	41610	101946556
bin-12-71.fasta	71	12	383	1015904
bin-2-49.fasta	49	2	134	27557437
bin-2-50.fasta	50	2	464	53406620
bin-2-52.fasta	52	2	270	5347688
bin-2-53.fasta	53	2	39	5164804
bin-2-54.fasta	54	2	106	7273841
bin-2-56.fasta	56	2	816	49647189
bin-2-57.fasta	57	2	28	5172263
bin-2-58.fasta	58	2	17	4771531
bin-2-59.fasta	59	2	424	23212147
bin-2-60.fasta	60	2	290	10390751
bin-2-61.fasta	61	2	9	614253
bin-2-62.fasta	62	2	5	227679
bin-2-63.fasta	63	2	150	4282638
bin-2-64.fasta	64	2	9242	26083286
bin-2-65.fasta	65	2	141	17056380
bin-2-68.fasta	68	2	70	246182
bin-2-69.fasta	69	2	61	2481071
bin-2-70.fasta	70	2	87	278635
bin-2-71.fasta	71	2	618	1368774
bin-2-72.fasta	72	2	667	2485725
bin-3-50.fasta	50	3	302	607902
bin-3-52.fasta	52	3	204	5184467
bin-3-53.fasta	53	3	301	29244092
bin-3-56.fasta	56	3	160	26628065
bin-3-57.fasta	57	3	818	25745728
bin-3-58.fasta	58	3	265	29647785
bin-3-60.fasta	60	3	959	2321293
bin-3-61.fasta	61	3	50	10715439
bin-3-62.fasta	62	3	117	449659
bin-3-63.fasta	63	3	4589	19740558
bin-3-64.fasta	64	3	459	2352198
bin-3-65.fasta	65	3	5256	27711612
bin-3-70.fasta	70	3	1696	4261799
bin-3-71.fasta	71	3	3657	12324162
bin-3-72.fasta	72	3	1741	6597747
bin-4-50.fasta	50	4	97	1654013
bin-4-52.fasta	52	4	96	3497259
bin-4-56.fasta	56	4	122	1739035
bin-4-57.fasta	57	4	977	39075173
bin-4-60.fasta	60	4	4482	25724799
bin-4-61.fasta	61	4	1610	11012084
bin-4-62.fasta	62	4	2707	9759046
bin-4-63.fasta	63	4	856	56508797
bin-4-64.fasta	64	4	428	29693972
bin-4-65.fasta	65	4	2506	20150702
bin-4-70.fasta	70	4	484	1565460
bin-4-71.fasta	71	4	216	488562
bin-4-72.fasta	72	4	72	248801
bin-5-50.fasta	50	5	1041	3472002
bin-5-52.fasta	52	5	1099	3740736
bin-5-56.fasta	56	5	146	552204
bin-5-57.fasta	57	5	12	224138
bin-5-60.fasta	60	5	97	2849856
bin-5-61.fasta	61	5	273	5811268
bin-5-62.fasta	62	5	222	27886446
bin-5-63.fasta	63	5	90	2758939
bin-5-64.fasta	64	5	2173	9450268
bin-5-65.fasta	65	5	24	222213
bin-5-70.fasta	70	5	282	628283
bin-5-71.fasta	71	5	118	438388
bin-6-50.fasta	50	6	591	5543214
bin-6-56.fasta	56	6	116	9578458
bin-6-57.fasta	57	6	126	448524
bin-6-61.fasta	61	6	30	4792746
bin-6-63.fasta	63	6	21	367167
bin-6-64.fasta	64	6	71	239057
bin-6-70.fasta	70	6	3194	8190971
bin-6-71.fasta	71	6	34	453921
bin-7-64.fasta	64	7	1246	3769741
bin-7-71.fasta	71	7	95	258968
bin-8-71.fasta	71	8	908	2450575
bin-9-71.fasta	71	9	346	1832072
