categoria	funcion	alternativa	grupo	kos	minimo	genes	nota
riesgo	acido_gluconico	A	gcd	K00117	1	gcd	glucosa deshidrogenasa dependiente de PQQ
riesgo	acido_gluconico	A	pqq	K06135,K06136,K06137,K06138,K06139	3	pqqA-E	biosintesis del cofactor PQQ
riesgo	acido_2_cetogluconico	A	gcd	K00117	1	gcd	
riesgo	acido_2_cetogluconico	A	pqq	K06135,K06136,K06137,K06138,K06139	3	pqqA-E	
riesgo	acido_2_cetogluconico	A	gad	K06150,K06151,K06152	2	gluconato 2-deshidrogenasa	
riesgo	eps_gram_positivas	A	eps	K19419,K19420,K19421,K19422,K19423,K19424,K19425,K19426,K19427,K19428,K19429,K19430,K19431	9	epsA-O	66 % del operon eps
riesgo	eps_gram_positivas	B	tasA	K06336	1	tasA	proteina de matriz
riesgo	eps_gram_positivas	B	tapA	K19433	1	tapA	anclaje de TasA
riesgo	eps_gram_negativas	A	pga	K11935,K11931,K11936,K11937	3	pgaABCD	poli-beta-1,6-GlcNAc (PNAG)
riesgo	curli	A	csg	K04334,K04335	2	csgA,csgB	
riesgo	nitrificacion	A	M00528	K28504,K10945,K10946,K10535	3	amoABC,hao	modulo M00528 >= 66 %
riesgo	oxidacion_azufre	A	M00595	K17222,K17223,K17224,K17225,K22622,K17226,K17227	5	soxXYZABCD	modulo M00595 >= 66 %
supervivencia	esporulacion	A	spo	K07699,K06378,K06382	2	spo0A,spoIIAA,spoIIE	
supervivencia	carotenoides	A	crtB	K02291,K17841	1	crtB	modulo M00097
supervivencia	carotenoides	A	crtI	K10027,K15745	1	crtI	modulo M00097
supervivencia	estres_oxidativo	A	ox	K03781,K04564,K04047	2	katE/katA,sodA,dps	
supervivencia	desecacion_ectoina	A	ect	K06718,K00836,K06720	2	ectABC	
supervivencia	desecacion_trehalosa	A	ots	K00697,K01087	2	otsAB	ruta OtsA-OtsB
supervivencia	desecacion_trehalosa	B	treYZ	K06044,K01236	2	treYZ	ruta TreY-TreZ desde glucogeno
supervivencia	desecacion_trehalosa	C	treS	K05343	1	treS	ruta TreS desde maltosa
supervivencia	reparacion_uv	A	phr	K01669,K06876	1	fotoliasas	
contexto	ciclo_tca	A	M00009	K01647,K01681,K00031,K00239,K01676	3	gltA,acnA,icd,sdhA,fumA	universal en aerobios; no puntua
contexto	ureolisis	A	ure	K01430,K01429,K01428	3	ureABC	ambivalente (carbonato); no puntua
