paso	n	slug
candidatos	14	L16_Bacillus_altitudinis
pasa_F1	11	L16_Bacillus_altitudinis
pasa_F4	2	L16_Bacillus_altitudinis
pasa_F6	2	L16_Bacillus_altitudinis
pasa_F5	2	L16_Bacillus_altitudinis
con_bandera	0	L16_Bacillus_altitudinis
verificado	2	L16_Bacillus_altitudinis
candidatos	34	L12_Peribacillus_frigoritolerans
pasa_F1	27	L12_Peribacillus_frigoritolerans
pasa_F4	1	L12_Peribacillus_frigoritolerans
pasa_F6	1	L12_Peribacillus_frigoritolerans
pasa_F5	0	L12_Peribacillus_frigoritolerans
con_bandera	0	L12_Peribacillus_frigoritolerans
verificado	0	L12_Peribacillus_frigoritolerans
candidatos	70	L8_Acinetobacter_schindleri
pasa_F1	56	L8_Acinetobacter_schindleri
pasa_F4	36	L8_Acinetobacter_schindleri
pasa_F6	36	L8_Acinetobacter_schindleri
pasa_F5	30	L8_Acinetobacter_schindleri
con_bandera	0	L8_Acinetobacter_schindleri
verificado	30	L8_Acinetobacter_schindleri
