slug	consulta	referencia	ani	fraccion_alineada	en_pangenoma	dist_arbol	habitat
L16_Bacillus_altitudinis	bin-5-63	GCF_900119345_1	99.0578	0.9827784156142365	FALSE	NA	NA
L16_Bacillus_altitudinis	bin-5-63	GCF_900188195_1	99.0541	0.9770378874856487	FALSE	NA	NA
L16_Bacillus_altitudinis	bin-5-63	GCF_013391605_1	98.3722	0.9747416762342136	TRUE	0.020913466399999997	planta
L16_Bacillus_altitudinis	bin-5-63	GCF_022819205_1	98.3625	0.9747416762342136	FALSE	NA	NA
L16_Bacillus_altitudinis	bin-5-63	GCF_004563755_2	98.361	0.9621125143513203	FALSE	NA	NA
L16_Bacillus_altitudinis	bin-5-63	GCF_001444735_1	98.3606	0.9644087256027555	FALSE	NA	NA
L16_Bacillus_altitudinis	bin-5-63	GCF_000828455_1	98.3399	0.9552238805970149	TRUE	0.015980203499999998	alimento_industrial
L16_Bacillus_altitudinis	bin-5-63	GCF_007681435_1	98.3322	0.9747416762342136	FALSE	NA	NA
L16_Bacillus_altitudinis	bin-5-63	GCF_013391615_1	98.3318	0.9667049368541906	FALSE	NA	NA
L16_Bacillus_altitudinis	bin-5-63	GCF_007681315_1	98.3282	0.9701492537313433	FALSE	NA	NA
L16_Bacillus_altitudinis	bin-5-63	GCF_030433755_1	98.3195	0.9644087256027555	TRUE	0.0207779853	planta
L16_Bacillus_altitudinis	bin-5-63	GCF_007676435_1	98.3194	0.9712973593570609	FALSE	NA	NA
L16_Bacillus_altitudinis	bin-5-63	GCF_024507855_1	98.3177	0.9667049368541906	FALSE	NA	NA
L16_Bacillus_altitudinis	bin-5-63	GCF_018128525_1	98.3143	0.9621125143513203	FALSE	NA	NA
L16_Bacillus_altitudinis	bin-5-63	GCF_024807925_1	98.3136	0.9701492537313433	FALSE	NA	NA
L16_Bacillus_altitudinis	bin-5-63	GCF_026787805_1	98.3076	0.9483352468427095	FALSE	NA	NA
L16_Bacillus_altitudinis	bin-5-63	GCF_018128625_1	98.3053	0.9632606199770379	FALSE	NA	NA
L16_Bacillus_altitudinis	bin-5-63	GCF_026786505_1	98.3047	0.9529276693455798	TRUE	0.020650875899999997	desconocido
L16_Bacillus_altitudinis	bin-5-63	GCF_009830135_1	98.3016	0.9598163030998852	FALSE	NA	NA
L16_Bacillus_altitudinis	bin-5-63	GCF_026787755_1	98.3005	0.9437428243398392	TRUE	0.0211465333	suelo
L16_Bacillus_altitudinis	bin-5-63	GCF_030271195_1	98.299	0.9621125143513203	FALSE	NA	NA
L16_Bacillus_altitudinis	bin-5-63	GCF_026787845_1	98.297	0.9460390355912744	FALSE	NA	NA
L16_Bacillus_altitudinis	bin-5-63	GCF_902506075_1	98.2931	0.9632606199770379	FALSE	NA	NA
L16_Bacillus_altitudinis	bin-5-63	GCF_002443015_2	98.2925	0.9770378874856487	TRUE	0.0208491496	otro_ambiental
L16_Bacillus_altitudinis	bin-5-63	GCF_019036945_1	98.2918	0.9724454649827784	FALSE	NA	NA
L16_Bacillus_altitudinis	bin-5-63	GCF_022570695_1	98.2879	0.9678530424799081	FALSE	NA	NA
L16_Bacillus_altitudinis	bin-5-63	GCF_028550655_1	98.2852	0.9724454649827784	TRUE	0.0228278116	agua_sedimento
L16_Bacillus_altitudinis	bin-5-63	GCF_018904675_1	98.2841	0.9678530424799081	FALSE	NA	NA
L16_Bacillus_altitudinis	bin-5-63	GCF_018128585_1	98.284	0.9460390355912744	FALSE	NA	NA
L16_Bacillus_altitudinis	bin-5-63	GCF_030166595_1	98.2822	0.9712973593570609	FALSE	NA	NA
L16_Bacillus_altitudinis	bin-5-63	GCF_026787895_1	98.2816	0.9494833524684271	TRUE	0.020952145999999998	suelo
L16_Bacillus_altitudinis	bin-5-63	GCF_023525275_1	98.281	0.9598163030998852	TRUE	0.0206282796	planta
L16_Bacillus_altitudinis	bin-5-63	GCF_947488875_1	98.2758	0.9563719862227325	FALSE	NA	NA
L16_Bacillus_altitudinis	bin-5-63	GCF_030271235_1	98.273	0.9632606199770379	FALSE	NA	NA
L16_Bacillus_altitudinis	bin-5-63	GCF_000831655_1	98.271	0.9678530424799081	FALSE	NA	NA
L16_Bacillus_altitudinis	bin-5-63	GCF_029478555_1	98.2709	0.9644087256027555	TRUE	0.0199309144	desconocido
L16_Bacillus_altitudinis	bin-5-63	GCF_000508145_1	98.2683	0.9529276693455798	FALSE	NA	NA
L16_Bacillus_altitudinis	bin-5-63	GCF_026786605_1	98.2672	0.9334098737083811	FALSE	NA	NA
L16_Bacillus_altitudinis	bin-5-63	GCF_002797105_1	98.2646	0.9563719862227325	FALSE	NA	NA
L16_Bacillus_altitudinis	bin-5-63	GCF_002753875_2	98.2627	0.9575200918484501	FALSE	NA	NA
L16_Bacillus_altitudinis	bin-5-63	GCF_023714595_1	98.2616	0.9632606199770379	FALSE	NA	NA
L16_Bacillus_altitudinis	bin-5-63	GCF_019164215_1	98.2608	0.9690011481056258	FALSE	NA	NA
L16_Bacillus_altitudinis	bin-5-63	GCF_002571755_1	98.2606	0.9632606199770379	TRUE	0.0232893876	planta
L16_Bacillus_altitudinis	bin-5-63	GCF_018128635_1	98.2582	0.9563719862227325	FALSE	NA	NA
L16_Bacillus_altitudinis	bin-5-63	GCF_001029865_1	98.2568	0.9425947187141217	FALSE	NA	NA
L16_Bacillus_altitudinis	bin-5-63	GCF_000789425_2	98.2541	0.9735935706084959	TRUE	0.020867611799999998	animal
L16_Bacillus_altitudinis	bin-5-63	GCF_016807685_1	98.2527	0.9747416762342136	FALSE	NA	NA
L16_Bacillus_altitudinis	bin-5-63	GCF_005849435_1	98.2526	0.9804822043628014	FALSE	NA	NA
L16_Bacillus_altitudinis	bin-5-63	GCF_028821655_1	98.2511	0.9701492537313433	FALSE	NA	NA
L16_Bacillus_altitudinis	bin-5-63	GCF_026787965_1	98.251	0.9678530424799081	FALSE	NA	NA
L16_Bacillus_altitudinis	bin-5-63	GCA_031316515_1	98.2456	0.9552238805970149	FALSE	NA	NA
L16_Bacillus_altitudinis	bin-5-63	GCF_020521575_1	98.244	0.965556831228473	FALSE	NA	NA
L16_Bacillus_altitudinis	bin-5-63	GCF_022803025_1	98.2378	0.9644087256027555	FALSE	NA	NA
L16_Bacillus_altitudinis	bin-5-63	GCA_020218125_1	98.2356	0.9770378874856487	FALSE	NA	NA
L16_Bacillus_altitudinis	bin-5-63	GCA_020218135_1	98.234	0.9781859931113662	FALSE	NA	NA
L16_Bacillus_altitudinis	bin-5-63	GCA_020172045_1	98.2334	0.9793340987370838	FALSE	NA	NA
L16_Bacillus_altitudinis	bin-5-63	GCF_030348255_1	98.2324	0.9712973593570609	FALSE	NA	NA
L16_Bacillus_altitudinis	bin-5-63	GCF_000949525_1	98.2312	0.9678530424799081	FALSE	NA	NA
L16_Bacillus_altitudinis	bin-5-63	GCF_003284495_1	98.2311	0.9770378874856487	TRUE	0.022292253399999996	clinico_humano
L16_Bacillus_altitudinis	bin-5-63	GCA_019350915_1	98.2311	0.9586681974741676	FALSE	NA	NA
L16_Bacillus_altitudinis	bin-5-63	GCF_003217715_1	98.2278	0.9678530424799081	FALSE	NA	NA
L16_Bacillus_altitudinis	bin-5-63	GCF_026786615_1	98.2267	0.9402985074626866	TRUE	0.0209517026	desconocido
L16_Bacillus_altitudinis	bin-5-63	GCA_019693755_1	98.2256	0.9563719862227325	FALSE	NA	NA
L16_Bacillus_altitudinis	bin-5-63	GCF_024397295_1	98.2254	0.9724454649827784	FALSE	NA	NA
L16_Bacillus_altitudinis	bin-5-63	GCF_024380035_1	98.2235	0.9644087256027555	FALSE	NA	NA
L16_Bacillus_altitudinis	bin-5-63	GCF_003064485_1	98.2227	0.9621125143513203	FALSE	NA	NA
L16_Bacillus_altitudinis	bin-5-63	GCF_015160895_1	98.2206	0.9690011481056258	TRUE	0.020593793	sin_clasificar
L16_Bacillus_altitudinis	bin-5-63	GCF_023714965_1	98.2203	0.9644087256027555	FALSE	NA	NA
L16_Bacillus_altitudinis	bin-5-63	GCF_016785155_1	98.2203	0.9747416762342136	FALSE	NA	NA
L16_Bacillus_altitudinis	bin-5-63	GCF_021654615_1	98.2202	0.9667049368541906	TRUE	0.0231935809	animal
L16_Bacillus_altitudinis	bin-5-63	GCF_023714945_1	98.2198	0.9690011481056258	FALSE	NA	NA
L16_Bacillus_altitudinis	bin-5-63	GCF_021654595_1	98.2178	0.965556831228473	TRUE	0.0233371984	animal
L16_Bacillus_altitudinis	bin-5-63	GCF_002042895_1	98.2175	0.9150401836969001	FALSE	NA	NA
L16_Bacillus_altitudinis	bin-5-63	GCF_023373945_1	98.2167	0.9724454649827784	FALSE	NA	NA
L16_Bacillus_altitudinis	bin-5-63	GCF_017948365_1	98.211	0.9632606199770379	FALSE	NA	NA
L16_Bacillus_altitudinis	bin-5-63	GCF_030123125_1	98.2078	0.9644087256027555	TRUE	0.0213249279	planta
L16_Bacillus_altitudinis	bin-5-63	GCF_018128575_1	98.2068	0.9621125143513203	FALSE	NA	NA
L16_Bacillus_altitudinis	bin-5-63	GCF_026787935_1	98.206	0.9586681974741676	FALSE	NA	NA
L16_Bacillus_altitudinis	bin-5-63	GCF_000701305_1	98.2045	0.9667049368541906	FALSE	NA	NA
L16_Bacillus_altitudinis	bin-5-63	GCA_030385675_1	98.2035	0.9598163030998852	FALSE	NA	NA
L16_Bacillus_altitudinis	bin-5-63	GCF_022700755_1	98.2028	0.9644087256027555	FALSE	NA	NA
L16_Bacillus_altitudinis	bin-5-63	GCF_010747395_1	98.2027	0.9402985074626866	TRUE	0.021172596999999998	petreo_arido
L16_Bacillus_altitudinis	bin-5-63	GCF_013283915_1	98.2026	0.9667049368541906	FALSE	NA	NA
L16_Bacillus_altitudinis	bin-5-63	GCA_001420655_1	98.1992	0.9747416762342136	FALSE	NA	NA
L16_Bacillus_altitudinis	bin-5-63	GCF_027594585_1	98.1989	0.9781859931113662	FALSE	NA	NA
L16_Bacillus_altitudinis	bin-5-63	GCF_019037255_1	98.1974	0.9724454649827784	FALSE	NA	NA
L16_Bacillus_altitudinis	bin-5-63	GCF_900094985_1	98.1962	0.9609644087256027	FALSE	NA	NA
L16_Bacillus_altitudinis	bin-5-63	GCF_001457015_1	98.1962	0.9609644087256027	FALSE	NA	NA
L16_Bacillus_altitudinis	bin-5-63	GCA_029953515_1	98.1956	0.9690011481056258	TRUE	0.0230709251	desconocido
L16_Bacillus_altitudinis	bin-5-63	GCF_030014895_1	98.1949	0.9735935706084959	FALSE	NA	NA
L16_Bacillus_altitudinis	bin-5-63	GCF_001043535_1	98.1947	0.9621125143513203	FALSE	NA	NA
L16_Bacillus_altitudinis	bin-5-63	GCF_001038845_1	98.1942	0.9644087256027555	FALSE	NA	NA
L16_Bacillus_altitudinis	bin-5-63	GCF_001578165_1	98.1942	0.9735935706084959	TRUE	0.0210206672	animal
L16_Bacillus_altitudinis	bin-5-63	GCF_001043795_1	98.1934	0.9563719862227325	FALSE	NA	NA
L16_Bacillus_altitudinis	bin-5-63	GCF_012844145_1	98.1932	0.9678530424799081	FALSE	NA	NA
L16_Bacillus_altitudinis	bin-5-63	GCF_002741745_1	98.1929	0.9690011481056258	FALSE	NA	NA
L16_Bacillus_altitudinis	bin-5-63	GCF_015846075_1	98.1926	0.9701492537313433	FALSE	NA	NA
L16_Bacillus_altitudinis	bin-5-63	GCF_026787185_1	98.1902	0.9552238805970149	FALSE	NA	NA
L16_Bacillus_altitudinis	bin-5-63	GCF_027215635_1	98.1899	0.9712973593570609	FALSE	NA	NA
L16_Bacillus_altitudinis	bin-5-63	GCF_008764185_1	98.1895	0.9667049368541906	FALSE	NA	NA
L16_Bacillus_altitudinis	bin-5-63	GCF_019037745_1	98.1891	0.965556831228473	FALSE	NA	NA
L16_Bacillus_altitudinis	bin-5-63	GCF_015689015_1	98.1881	0.9678530424799081	TRUE	0.0235606737	planta
L16_Bacillus_altitudinis	bin-5-63	GCF_026787425_1	98.1869	0.9563719862227325	FALSE	NA	NA
L16_Bacillus_altitudinis	bin-5-63	GCF_001265125_1	98.186	0.9138920780711826	FALSE	NA	NA
L16_Bacillus_altitudinis	bin-5-63	GCF_900156275_1	98.185	0.9712973593570609	FALSE	NA	NA
L16_Bacillus_altitudinis	bin-5-63	GCF_001038775_1	98.1844	0.9667049368541906	FALSE	NA	NA
L16_Bacillus_altitudinis	bin-5-63	GCA_019693775_1	98.1834	0.9598163030998852	FALSE	NA	NA
L16_Bacillus_altitudinis	bin-5-63	GCF_004101925_1	98.1832	0.9621125143513203	TRUE	0.0233636044	otro_ambiental
L16_Bacillus_altitudinis	bin-5-63	GCF_024262145_1	98.182	0.9804822043628014	FALSE	NA	NA
L16_Bacillus_altitudinis	bin-5-63	GCF_026787145_1	98.1818	0.9598163030998852	FALSE	NA	NA
L16_Bacillus_altitudinis	bin-5-63	GCF_018361385_1	98.1799	0.9701492537313433	FALSE	NA	NA
L16_Bacillus_altitudinis	bin-5-63	GCF_001039015_1	98.1795	0.9448909299655568	FALSE	NA	NA
L16_Bacillus_altitudinis	bin-5-63	GCF_001908475_1	98.179	0.9724454649827784	FALSE	NA	NA
L16_Bacillus_altitudinis	bin-5-63	GCF_000590455_1	98.1788	0.9701492537313433	TRUE	0.0238141842	desconocido
L16_Bacillus_altitudinis	bin-5-63	GCF_002077245_1	98.1781	0.9368541905855339	TRUE	0.0235884174	desconocido
L16_Bacillus_altitudinis	bin-5-63	GCA_020172015_1	98.1757	0.9667049368541906	FALSE	NA	NA
L16_Bacillus_altitudinis	bin-5-63	GCF_013205125_1	98.1748	0.9632606199770379	FALSE	NA	NA
L16_Bacillus_altitudinis	bin-5-63	GCF_026787405_1	98.1732	0.9609644087256027	FALSE	NA	NA
L16_Bacillus_altitudinis	bin-5-63	GCF_902500235_1	98.1729	0.9529276693455798	TRUE	0.0232093433	alimento_industrial
L16_Bacillus_altitudinis	bin-5-63	GCF_026786855_1	98.1704	0.965556831228473	FALSE	NA	NA
L16_Bacillus_altitudinis	bin-5-63	GCF_011800395_1	98.1703	0.965556831228473	FALSE	NA	NA
L16_Bacillus_altitudinis	bin-5-63	GCF_007923025_1	98.1702	0.9586681974741676	FALSE	NA	NA
L16_Bacillus_altitudinis	bin-5-63	GCF_007681425_1	98.17	0.9678530424799081	FALSE	NA	NA
L16_Bacillus_altitudinis	bin-5-63	GCF_001038915_1	98.1694	0.947187141216992	FALSE	NA	NA
L16_Bacillus_altitudinis	bin-5-63	GCF_007676515_1	98.168	0.9712973593570609	FALSE	NA	NA
L16_Bacillus_altitudinis	bin-5-63	GCF_023554815_1	98.1674	0.965556831228473	FALSE	NA	NA
L16_Bacillus_altitudinis	bin-5-63	GCF_026787745_1	98.1668	0.9632606199770379	FALSE	NA	NA
L16_Bacillus_altitudinis	bin-5-63	GCF_020165915_1	98.1646	0.9678530424799081	FALSE	NA	NA
L16_Bacillus_altitudinis	bin-5-63	GCF_003160715_1	98.164	0.9586681974741676	FALSE	NA	NA
L16_Bacillus_altitudinis	bin-5-63	GCA_002953695_1	98.1638	0.9701492537313433	TRUE	0.0228423208	sin_clasificar
L16_Bacillus_altitudinis	bin-5-63	GCF_902506045_1	98.1635	0.9667049368541906	FALSE	NA	NA
L16_Bacillus_altitudinis	bin-5-63	GCF_007681095_1	98.1628	0.9758897818599311	FALSE	NA	NA
L16_Bacillus_altitudinis	bin-5-63	GCF_029894105_1	98.1616	0.9586681974741676	TRUE	0.020951278	desconocido
L16_Bacillus_altitudinis	bin-5-63	GCF_007682105_1	98.1584	0.9758897818599311	FALSE	NA	NA
L16_Bacillus_altitudinis	bin-5-63	GCF_001543165_1	98.1578	0.9621125143513203	TRUE	0.0230496905	animal
L16_Bacillus_altitudinis	bin-5-63	GCF_023823755_1	98.1577	0.9724454649827784	FALSE	NA	NA
L16_Bacillus_altitudinis	bin-5-63	GCF_000972685_1	98.1571	0.9781859931113662	TRUE	0.0230095887	alimento_industrial
L16_Bacillus_altitudinis	bin-5-63	GCF_024398395_1	98.156	0.9667049368541906	FALSE	NA	NA
L16_Bacillus_altitudinis	bin-5-63	GCF_024134705_1	98.152	0.9781859931113662	TRUE	0.0226849607	otro_ambiental
L16_Bacillus_altitudinis	bin-5-63	GCF_030645085_1	98.1514	0.9644087256027555	TRUE	0.021818331899999998	sin_clasificar
L16_Bacillus_altitudinis	bin-5-63	GCF_005144805_1	98.1514	0.9724454649827784	TRUE	0.0239636196	animal
L16_Bacillus_altitudinis	bin-5-63	GCF_000299555_2	98.15	0.965556831228473	FALSE	NA	NA
L16_Bacillus_altitudinis	bin-5-63	GCF_008123875_1	98.1498	0.9586681974741676	TRUE	0.022723814199999998	otro_ambiental
L16_Bacillus_altitudinis	bin-5-63	GCF_016767855_1	98.149	0.9678530424799081	TRUE	0.0233137019	suelo
L16_Bacillus_altitudinis	bin-5-63	GCF_026787695_1	98.149	0.894374282433984	TRUE	0.0214662508	suelo
L16_Bacillus_altitudinis	bin-5-63	GCF_013307105_1	98.146	0.9644087256027555	FALSE	NA	NA
L16_Bacillus_altitudinis	bin-5-63	GCF_011067205_1	98.1454	0.9724454649827784	TRUE	0.022495694	agua_sedimento
L16_Bacillus_altitudinis	bin-5-63	GCF_007671735_1	98.1435	0.9770378874856487	TRUE	0.0230610251	otro_ambiental
L16_Bacillus_altitudinis	bin-5-63	GCF_014138805_1	98.1435	0.9758897818599311	FALSE	NA	NA
L16_Bacillus_altitudinis	bin-5-63	GCF_026787255_1	98.1433	0.9414466130884042	FALSE	NA	NA
L16_Bacillus_altitudinis	bin-5-63	GCF_947497955_1	98.1426	0.9575200918484501	FALSE	NA	NA
L16_Bacillus_altitudinis	bin-5-63	GCF_030062305_1	98.1425	0.9632606199770379	FALSE	NA	NA
L16_Bacillus_altitudinis	bin-5-63	GCF_001548215_1	98.1421	0.9793340987370838	FALSE	NA	NA
L16_Bacillus_altitudinis	bin-5-63	GCF_017161205_1	98.1417	0.9758897818599311	FALSE	NA	NA
L16_Bacillus_altitudinis	bin-5-63	GCF_023714045_1	98.1405	0.9678530424799081	FALSE	NA	NA
L16_Bacillus_altitudinis	bin-5-63	GCF_026787165_1	98.1403	0.9621125143513203	FALSE	NA	NA
L16_Bacillus_altitudinis	bin-5-63	GCF_019355135_1	98.1384	0.9735935706084959	FALSE	NA	NA
L16_Bacillus_altitudinis	bin-5-63	GCF_019149285_1	98.1375	0.9667049368541906	FALSE	NA	NA
L16_Bacillus_altitudinis	bin-5-63	GCF_030011555_1	98.1346	0.9632606199770379	FALSE	NA	NA
L16_Bacillus_altitudinis	bin-5-63	GCF_003049175_1	98.1337	0.9701492537313433	TRUE	0.0232340965	sin_clasificar
L16_Bacillus_altitudinis	bin-5-63	GCF_024362715_1	98.1316	0.9701492537313433	FALSE	NA	NA
L16_Bacillus_altitudinis	bin-5-63	GCF_020165935_1	98.129	0.9701492537313433	FALSE	NA	NA
L16_Bacillus_altitudinis	bin-5-63	GCF_027568435_1	98.1279	0.9598163030998852	FALSE	NA	NA
L16_Bacillus_altitudinis	bin-5-63	GCF_023502445_1	98.1279	0.9598163030998852	TRUE	0.023552945399999997	clinico_humano
L16_Bacillus_altitudinis	bin-5-63	GCF_030122945_1	98.1262	0.9770378874856487	TRUE	0.0228575309	agua_sedimento
L16_Bacillus_altitudinis	bin-5-63	GCF_018128565_1	98.1247	0.9609644087256027	FALSE	NA	NA
L16_Bacillus_altitudinis	bin-5-63	GCF_004634445_1	98.1245	0.9678530424799081	FALSE	NA	NA
L16_Bacillus_altitudinis	bin-5-63	GCF_949152375_1	98.1223	0.9483352468427095	FALSE	NA	NA
L16_Bacillus_altitudinis	bin-5-63	GCF_030016475_1	98.1214	0.9632606199770379	FALSE	NA	NA
L16_Bacillus_altitudinis	bin-5-63	GCF_003946835_1	98.1195	0.9667049368541906	TRUE	0.0209510064	agua_sedimento
L16_Bacillus_altitudinis	bin-5-63	GCF_019311265_1	98.1173	0.9667049368541906	FALSE	NA	NA
L16_Bacillus_altitudinis	bin-5-63	GCF_001687085_1	98.1161	0.9690011481056258	TRUE	0.0239465908	suelo
L16_Bacillus_altitudinis	bin-5-63	GCF_001191605_1	98.1152	0.9632606199770379	FALSE	NA	NA
L16_Bacillus_altitudinis	bin-5-63	GCF_003400325_1	98.1123	0.9770378874856487	FALSE	NA	NA
L16_Bacillus_altitudinis	bin-5-63	GCA_019748625_1	98.1116	0.9483352468427095	FALSE	NA	NA
L16_Bacillus_altitudinis	bin-5-63	GCF_001426125_1	98.1116	0.9758897818599311	FALSE	NA	NA
L16_Bacillus_altitudinis	bin-5-63	GCF_000691145_1	98.1097	0.9621125143513203	TRUE	0.0228440284	otro_ambiental
L16_Bacillus_altitudinis	bin-5-63	GCF_026787485_1	98.1042	0.9345579793340988	FALSE	NA	NA
L16_Bacillus_altitudinis	bin-5-63	GCF_006007905_1	98.1032	0.965556831228473	TRUE	0.0236880654	agua_sedimento
L16_Bacillus_altitudinis	bin-5-63	GCF_026787265_1	98.0993	0.9299655568312285	FALSE	NA	NA
L16_Bacillus_altitudinis	bin-5-63	GCF_901542325_1	98.0972	0.9598163030998852	FALSE	NA	NA
L16_Bacillus_altitudinis	bin-5-63	GCF_026065915_1	98.0878	0.9425947187141217	FALSE	NA	NA
L16_Bacillus_altitudinis	bin-5-63	GCF_026787325_1	98.0797	0.9230769230769231	TRUE	0.022011035800000002	suelo
L16_Bacillus_altitudinis	bin-5-63	GCF_001431785_1	98.077	0.9667049368541906	FALSE	NA	NA
L16_Bacillus_altitudinis	bin-5-63	GCF_001700735_1	98.077	0.9667049368541906	FALSE	NA	NA
L16_Bacillus_altitudinis	bin-5-63	GCF_000986655_1	98.074	0.931113662456946	FALSE	NA	NA
L16_Bacillus_altitudinis	bin-5-63	GCF_000264255_1	98.073	0.9609644087256027	FALSE	NA	NA
L16_Bacillus_altitudinis	bin-5-63	GCF_001896335_1	98.0641	0.9586681974741676	FALSE	NA	NA
L16_Bacillus_altitudinis	bin-5-63	GCF_001431145_1	98.0623	0.9701492537313433	FALSE	NA	NA
L16_Bacillus_altitudinis	bin-5-63	GCF_026787125_1	98.0614	0.9448909299655568	FALSE	NA	NA
L16_Bacillus_altitudinis	bin-5-63	GCF_026787385_1	98.0602	0.886337543053961	FALSE	NA	NA
L16_Bacillus_altitudinis	bin-5-63	GCF_900411365_1	98.0586	0.9621125143513203	FALSE	NA	NA
L16_Bacillus_altitudinis	bin-5-63	GCF_029537175_1	98.0579	0.9701492537313433	TRUE	0.0188986047	otro_ambiental
L16_Bacillus_altitudinis	bin-5-63	GCF_000353245_1	98.0521	0.9506314580941446	TRUE	0.024198156299999996	agua_sedimento
L16_Bacillus_altitudinis	bin-5-63	GCF_026787465_1	98.0474	0.9460390355912744	TRUE	0.0201836587	clinico_humano
L16_Bacillus_altitudinis	bin-5-63	GCA_019039005_1	98.0418	0.9253731343283582	FALSE	NA	NA
L16_Bacillus_altitudinis	bin-5-63	GCF_026787245_1	98.0228	0.9265212399540758	FALSE	NA	NA
L16_Bacillus_altitudinis	bin-5-63	GCF_030291995_1	98.003	0.9609644087256027	TRUE	0.0201200422	suelo
L16_Bacillus_altitudinis	bin-5-63	GCF_026787505_1	97.9941	0.9161882893226176	FALSE	NA	NA
L16_Bacillus_altitudinis	bin-5-63	GCF_000225935_1	97.9925	0.931113662456946	FALSE	NA	NA
L16_Bacillus_altitudinis	bin-5-63	GCF_013131835_1	97.9734	0.9598163030998852	FALSE	NA	NA
L16_Bacillus_altitudinis	bin-5-63	GCA_021560155_1	97.9348	0.9632606199770379	FALSE	NA	NA
L16_Bacillus_altitudinis	bin-5-63	GCA_020171425_1	97.928	0.9586681974741676	FALSE	NA	NA
L16_Bacillus_altitudinis	bin-5-63	GCF_030016265_1	97.9171	0.9563719862227325	FALSE	NA	NA
L16_Bacillus_altitudinis	bin-5-63	GCF_030016235_1	97.8939	0.9598163030998852	FALSE	NA	NA
L16_Bacillus_altitudinis	bin-5-63	GCF_028462265_1	97.8098	0.9598163030998852	FALSE	NA	NA
L16_Bacillus_altitudinis	bin-5-63	GCF_008180475_1	97.507	0.931113662456946	FALSE	NA	NA
L16_Bacillus_altitudinis	bin-5-63	GCF_031199195_1	96.5891	0.8840413318025259	FALSE	NA	NA
L12_Peribacillus_frigoritolerans	bin-1-54	GCA_900000145_1	99.9821	0.9971711456859972	FALSE	NA	NA
L12_Peribacillus_frigoritolerans	bin-1-54	GCF_025142885_1	99.7464	0.9547383309759547	FALSE	NA	NA
L12_Peribacillus_frigoritolerans	bin-1-54	GCF_024159205_1	99.7398	0.9851485148514851	FALSE	NA	NA
L12_Peribacillus_frigoritolerans	bin-1-54	GCA_024160055_1	99.6797	0.9688826025459689	TRUE	0.0017000977	suelo
L12_Peribacillus_frigoritolerans	bin-1-54	GCA_014841365_1	99.6537	0.9582743988684582	FALSE	NA	NA
L12_Peribacillus_frigoritolerans	bin-1-54	GCF_021728995_1	99.644	0.9646393210749646	FALSE	NA	NA
L12_Peribacillus_frigoritolerans	bin-1-54	GCF_021537535_1	99.6288	0.9865629420084866	FALSE	NA	NA
L12_Peribacillus_frigoritolerans	bin-1-54	GCA_002979275_1	99.6223	0.9632248939179632	FALSE	NA	NA
L12_Peribacillus_frigoritolerans	bin-1-54	GCA_021012855_1	98.4467	0.9278642149929278	TRUE	0.011226713599999999	clinico_humano
L12_Peribacillus_frigoritolerans	bin-1-54	GCF_030348515_1	98.2148	0.9398868458274399	TRUE	0.0120983743	planta
L12_Peribacillus_frigoritolerans	bin-1-54	GCF_023714145_1	98.1727	0.9172560113154172	TRUE	0.011542874199999999	otro_ambiental
L12_Peribacillus_frigoritolerans	bin-1-54	GCA_001636475_1	98.1555	0.946958981612447	TRUE	0.0128124393	suelo
L12_Peribacillus_frigoritolerans	bin-1-54	GCF_023823915_1	98.0978	0.9427157001414427	FALSE	NA	NA
L12_Peribacillus_frigoritolerans	bin-1-54	GCF_025548515_1	97.4099	0.9144271570014144	TRUE	0.0242770471	suelo
L12_Peribacillus_frigoritolerans	bin-1-54	GCF_030348785_1	97.407	0.9101838755304101	TRUE	0.021884888800000002	planta
L12_Peribacillus_frigoritolerans	bin-1-54	GCF_030292075_1	97.384	0.8953323903818954	FALSE	NA	NA
L12_Peribacillus_frigoritolerans	bin-1-54	GCF_030122905_1	97.3681	0.8988684582743989	FALSE	NA	NA
L12_Peribacillus_frigoritolerans	bin-1-54	GCF_026013865_1	97.3668	0.9144271570014144	FALSE	NA	NA
L12_Peribacillus_frigoritolerans	bin-1-54	GCF_004006475_1	97.3599	0.900990099009901	TRUE	0.0235833622	desconocido
L12_Peribacillus_frigoritolerans	bin-1-54	GCF_026795095_1	97.3246	0.8628005657708628	TRUE	0.0228783579	desconocido
L12_Peribacillus_frigoritolerans	bin-1-54	GCA_001277335_1	97.323	0.9038189533239038	TRUE	0.0235735627	suelo
L12_Peribacillus_frigoritolerans	bin-1-54	GCF_023823955_1	97.3206	0.9073550212164073	TRUE	0.0238139916	suelo
L12_Peribacillus_frigoritolerans	bin-1-54	GCA_001277355_1	97.3074	0.9016973125884017	TRUE	0.0238947747	suelo
L12_Peribacillus_frigoritolerans	bin-1-54	GCF_030348775_1	97.3032	0.9108910891089109	TRUE	0.0240260531	planta
L12_Peribacillus_frigoritolerans	bin-1-54	GCF_029222345_1	97.3023	0.9094766619519095	TRUE	0.021313985900000002	suelo
L12_Peribacillus_frigoritolerans	bin-1-54	GCF_014876535_1	97.24	0.9115983026874116	FALSE	NA	NA
L12_Peribacillus_frigoritolerans	bin-1-54	GCF_025960625_1	97.2095	0.92008486562942	TRUE	0.0249552584	planta
L12_Peribacillus_frigoritolerans	bin-1-54	GCF_014876615_1	97.2091	0.9108910891089109	FALSE	NA	NA
L12_Peribacillus_frigoritolerans	bin-1-54	GCF_014876545_1	97.2004	0.9094766619519095	FALSE	NA	NA
L12_Peribacillus_frigoritolerans	bin-1-54	GCF_023502825_1	97.199700000000007	0.9229137199434229	TRUE	0.023021630799999998	suelo
L12_Peribacillus_frigoritolerans	bin-1-54	GCF_004525735_1	97.1932	0.9108910891089109	FALSE	NA	NA
L12_Peribacillus_frigoritolerans	bin-1-54	GCF_014876495_1	97.1887	0.9207920792079208	FALSE	NA	NA
L12_Peribacillus_frigoritolerans	bin-1-54	GCF_014876505_1	97.186	0.9073550212164073	TRUE	0.0237288534	desconocido
L12_Peribacillus_frigoritolerans	bin-1-54	GCF_030123165_1	97.183	0.9066478076379066	TRUE	0.026535449300000003	planta
L12_Peribacillus_frigoritolerans	bin-1-54	GCF_014876555_1	97.1789	0.9172560113154172	FALSE	NA	NA
L12_Peribacillus_frigoritolerans	bin-1-54	GCA_000785385_1	97.1757	0.9045261669024045	TRUE	0.0253180253	planta
L12_Peribacillus_frigoritolerans	bin-1-54	GCF_023502905_1	97.1627	0.9087694483734088	FALSE	NA	NA
L12_Peribacillus_frigoritolerans	bin-1-54	GCF_001636405_1	97.1574	0.9186704384724187	TRUE	0.0269230272	suelo
L12_Peribacillus_frigoritolerans	bin-1-54	GCF_023502945_1	97.1525	0.9264497878359265	FALSE	NA	NA
L12_Peribacillus_frigoritolerans	bin-1-54	GCF_023502885_1	97.1513	0.905940594059406	TRUE	0.0267990286	suelo
L12_Peribacillus_frigoritolerans	bin-1-54	GCA_016757415_1	97.1308	0.9335219236209336	TRUE	0.0229060086	agua_sedimento
L12_Peribacillus_frigoritolerans	bin-1-54	GCF_022603155_1	97.1282	0.9066478076379066	TRUE	0.0267307528	petreo_arido
L12_Peribacillus_frigoritolerans	bin-1-54	GCA_002276655_1	97.0803	0.9016973125884017	TRUE	0.024813701100000002	sin_clasificar
L12_Peribacillus_frigoritolerans	bin-1-54	GCF_026794655_1	97.0689	0.8833097595473833	TRUE	0.0260137733	desconocido
L12_Peribacillus_frigoritolerans	bin-1-54	GCA_019748875_1	97.0439	0.888967468175389	TRUE	0.024676974600000002	otro_ambiental
L12_Peribacillus_frigoritolerans	bin-1-54	GCF_007828935_1	97.04	0.8917963224893918	TRUE	0.028752088500000002	desconocido
L12_Peribacillus_frigoritolerans	bin-1-54	GCA_002557105_1	97.0297	0.8861386138613861	FALSE	NA	NA
L12_Peribacillus_frigoritolerans	bin-1-54	GCF_024758165_1	97.0207	0.9229137199434229	FALSE	NA	NA
L12_Peribacillus_frigoritolerans	bin-1-54	GCA_002287755_1	97.0125	0.9024045261669024	FALSE	NA	NA
L12_Peribacillus_frigoritolerans	bin-1-54	GCA_001429835_1	97.0098	0.9144271570014144	TRUE	0.027676166300000003	suelo
L12_Peribacillus_frigoritolerans	bin-1-54	GCA_030804025_1	97.0009	0.9243281471004243	TRUE	0.027112529700000002	desconocido
L12_Peribacillus_frigoritolerans	bin-1-54	GCA_001636485_1	97.0003	0.9123055162659123	TRUE	0.028588329900000004	suelo
L12_Peribacillus_frigoritolerans	bin-1-54	GCA_002998155_1	96.9847	0.9066478076379066	TRUE	0.027581334700000005	suelo
L12_Peribacillus_frigoritolerans	bin-1-54	GCF_029625965_1	96.9838	0.871994342291372	TRUE	0.028587345500000003	animal
L12_Peribacillus_frigoritolerans	bin-1-54	GCA_002553175_1	96.9668	0.900990099009901	FALSE	NA	NA
L12_Peribacillus_frigoritolerans	bin-1-54	GCA_002581115_1	96.965	0.888967468175389	FALSE	NA	NA
L12_Peribacillus_frigoritolerans	bin-1-54	GCA_014839555_1	96.9626	0.9087694483734088	TRUE	0.028489815800000002	planta
L12_Peribacillus_frigoritolerans	bin-1-54	GCF_024733505_1	96.9606	0.8988684582743989	TRUE	0.027878704600000002	planta
L12_Peribacillus_frigoritolerans	bin-1-54	GCF_026891895_1	96.9502	0.9031117397454032	TRUE	0.029520513200000004	planta
L12_Peribacillus_frigoritolerans	bin-1-54	GCF_026794285_1	96.9425	0.8896746817538896	TRUE	0.028650753600000002	suelo
L12_Peribacillus_frigoritolerans	bin-1-54	GCF_022394675_1	96.9354	0.9087694483734088	TRUE	0.0285507556	planta
L12_Peribacillus_frigoritolerans	bin-1-54	GCF_030122925_1	96.892	0.9207920792079208	TRUE	0.028866544200000004	planta
L12_Peribacillus_frigoritolerans	bin-1-54	GCF_024169475_1	96.812	0.9052333804809052	TRUE	0.026742649400000002	desconocido
L12_Peribacillus_frigoritolerans	bin-1-54	GCA_002351505_1	96.8058	0.8967468175388967	FALSE	NA	NA
L12_Peribacillus_frigoritolerans	bin-1-54	GCA_018613485_1	96.7984	0.8734087694483734	TRUE	0.026920987	suelo
L12_Peribacillus_frigoritolerans	bin-1-54	GCF_023823995_1	96.7187	0.900990099009901	TRUE	0.0293736817	suelo
L12_Peribacillus_frigoritolerans	bin-1-54	GCF_018613455_1	96.5323	0.864922206506365	FALSE	NA	NA
L12_Peribacillus_frigoritolerans	bin-1-54	GCF_018613135_1	96.5093	0.8415841584158416	TRUE	0.031460851299999995	suelo
L12_Peribacillus_frigoritolerans	bin-1-54	GCF_018613475_1	96.5069	0.8875530410183875	FALSE	NA	NA
L8_Acinetobacter_schindleri	bin-4-52	GCF_025514435_1	98.386	0.8164726947179947	TRUE	0.0132421447	clinico_humano
L8_Acinetobacter_schindleri	bin-4-52	GCF_000369585_1	97.8656	0.8316920322291853	TRUE	0.0215798733	clinico_humano
L8_Acinetobacter_schindleri	bin-4-52	GCF_001485065_1	97.723	0.8003581020590869	FALSE	NA	NA
L8_Acinetobacter_schindleri	bin-4-52	GCF_000301815_1	97.6747	0.7779767233661593	FALSE	NA	NA
L8_Acinetobacter_schindleri	bin-4-52	GCF_000368625_1	97.544	0.8272157564905999	TRUE	0.028270123199999997	clinico_humano
L8_Acinetobacter_schindleri	bin-4-52	GCF_025513595_1	97.3714	0.8057296329453895	TRUE	0.03605705049999999	clinico_humano
L8_Acinetobacter_schindleri	bin-4-52	GCF_030973565_1	97.3431	0.8424350940017905	TRUE	0.0408744615	clinico_humano
L8_Acinetobacter_schindleri	bin-4-52	GCF_024129565_1	97.3345	0.8030438675022381	TRUE	0.035944869399999996	desconocido
L8_Acinetobacter_schindleri	bin-4-52	GCF_023218135_1	97.2978	0.8084153983885407	TRUE	0.030819789599999994	agua_sedimento
L8_Acinetobacter_schindleri	bin-4-52	GCF_030678615_1	97.2599	0.7752909579230081	TRUE	0.0409539525	otro_ambiental
L8_Acinetobacter_schindleri	bin-4-52	GCF_027942235_1	97.2582	0.8066248880931065	FALSE	NA	NA
L8_Acinetobacter_schindleri	bin-4-52	GCF_000264725_1	97.2322	0.7735004476275739	TRUE	0.040279129	clinico_humano
L8_Acinetobacter_schindleri	bin-4-52	GCF_014204595_1	97.2265	0.8048343777976723	TRUE	0.0378150047	desconocido
L8_Acinetobacter_schindleri	bin-4-52	GCF_010918895_1	97.217	0.8128916741271263	TRUE	0.035909076299999995	clinico_humano
L8_Acinetobacter_schindleri	bin-4-52	GCF_000368465_1	97.1202	0.8128916741271263	TRUE	0.0438474842	clinico_humano
L8_Acinetobacter_schindleri	bin-4-52	GCA_013420325_1	97.1143	0.8111011638316921	TRUE	0.0379164641	clinico_humano
L8_Acinetobacter_schindleri	bin-4-52	GCF_003289665_1	97.0973	0.7824529991047449	TRUE	0.0421400606	planta
L8_Acinetobacter_schindleri	bin-4-52	GCF_010918635_1	97.0669	0.8093106535362579	TRUE	0.0373685218	clinico_humano
L8_Acinetobacter_schindleri	bin-4-52	GCF_028657965_1	97.0436	0.8173679498657117	TRUE	0.035390408	agua_sedimento
L8_Acinetobacter_schindleri	bin-4-52	GCF_003069395_1	97.0342	0.7806624888093107	TRUE	0.0388775522	agua_sedimento
L8_Acinetobacter_schindleri	bin-4-52	GCF_003072585_2	96.9783	0.8039391226499553	TRUE	0.042356558600000004	otro_ambiental
L8_Acinetobacter_schindleri	bin-4-52	GCF_001077515_1	96.9397	0.8093106535362579	FALSE	NA	NA
L8_Acinetobacter_schindleri	bin-4-52	GCF_002919885_1	96.9179	0.7940913160250671	FALSE	NA	NA
L8_Acinetobacter_schindleri	bin-4-52	GCA_022832955_1	96.8705	0.8003581020590869	TRUE	0.037180331999999996	animal
L8_Acinetobacter_schindleri	bin-4-52	GCF_001866125_1	96.8435	0.7914055505819159	TRUE	0.039600281700000003	otro_ambiental
L8_Acinetobacter_schindleri	bin-4-52	GCF_010919095_1	96.833	0.8039391226499553	TRUE	0.0379791833	clinico_humano
L8_Acinetobacter_schindleri	bin-4-52	GCF_001971565_1	96.7754	0.8182632050134289	TRUE	0.04203233989999999	desconocido
L8_Acinetobacter_schindleri	bin-4-52	GCF_007833615_1	96.775	0.8111011638316921	FALSE	NA	NA
L8_Acinetobacter_schindleri	bin-4-52	GCF_002918965_1	96.7719	0.8102059086839749	TRUE	0.038297780499999996	desconocido
