categoria_95	familias	hipoteticas	pct_hipoteticas	slug
cloud	2909	1268	43.58886215194225	L16_Bacillus_altitudinis
core	3303	425	12.867090523766272	L16_Bacillus_altitudinis
shell	847	290	34.23848878394333	L16_Bacillus_altitudinis
cloud	10022	4252	42.42666134504091	L12_Peribacillus_frigoritolerans
core	3961	629	15.879828326180258	L12_Peribacillus_frigoritolerans
shell	2142	908	42.39028944911298	L12_Peribacillus_frigoritolerans
cloud	4096	1197	29.2236328125	L8_Acinetobacter_schindleri
core	2389	401	16.785265801590622	L8_Acinetobacter_schindleri
shell	1114	275	24.685816876122082	L8_Acinetobacter_schindleri
