genome,score
GCF_003583265_1.fna,99.47152251636491
GCF_017303205_1.fna,102.73390626285739
GCF_017303255_1.fna,102.79586464129426
GCF_020171645_1.fna,102.61059411821466
GCF_020524795_1.fna,102.0799361444699
GCF_021441905_1.fna,103.10807033075079
GCF_022559225_1.fna,103.3101866812347
GCF_002024265_1.fna,100.48923848153584
GCF_029536875_1.fna,103.28677146401547
GCF_000612165_1.fna,101.26801287002513
GCF_001457055_1.fna,1102.1534258419847
GCF_001591565_1.fna,1100.02644076836
GCF_001614195_1.fna,102.24247797555252
GCF_005577315_1.fna,102.94570399079461
GCF_007678225_1.fna,100.14293441338945
GCF_007678245_1.fna,100.18907201026624
GCF_010577965_1.fna,102.46029342225306
GCF_019801725_1.fna,102.60320182221541
GCF_020176725_1.fna,102.65909825557071
GCF_022346455_1.fna,102.51392808740144
GCF_023714855_1.fna,102.40043285967515
GCF_030122985_1.fna,103.23301559376422
GCF_900094875_1.fna,102.15342584198473
GCF_900156115_1.fna,102.4131045442228
GCF_947495185_1.fna,102.1524223746762
GCF_947496585_1.fna,102.39813278737766
GCF_947499335_1.fna,102.33813733221203
GCF_947503185_1.fna,102.39574281113477
GCF_024159305_1.fna,102.05750944852223
