id	tipo	genoma_original	familias_core_refs	presentes	recuperacion_core_pct	completitud_checkm2	diferencia_pts	alerta
GCF_003072585_2	ref	GCF_003072585.2	2389	2382	99.71			
GCF_028657965_1	ref	GCF_028657965.1	2389	2388	99.96			
GCF_001971565_1	ref	GCF_001971565.1	2389	2387	99.92			
GCA_022832955_1	ref	GCA_022832955.1	2389	2354	98.53			
GCF_010919095_1	ref	GCF_010919095.1	2389	2378	99.54			
GCF_010918895_1	ref	GCF_010918895.1	2389	2373	99.33			
GCF_010918635_1	ref	GCF_010918635.1	2389	2386	99.87			
GCF_000368465_1	ref	GCF_000368465.1	2389	2386	99.87			
GCF_000368625_1	ref	GCF_000368625.1	2389	2388	99.96			
GCF_000369585_1	ref	GCF_000369585.1	2389	2389	100.00			
GCF_014204595_1	ref	GCF_014204595.1	2389	2388	99.96			
GCF_001866125_1	ref	GCF_001866125.1	2389	2382	99.71			
GCF_003289665_1	ref	GCF_003289665.1	2389	2385	99.83			
GCF_030973565_1	ref	GCF_030973565.1	2389	2387	99.92			
GCF_024129565_1	ref	GCF_024129565.1	2389	2386	99.87			
GCA_013420325_1	ref	GCA_013420325.1	2389	2389	100.00			
GCF_025513595_1	ref	GCF_025513595.1	2389	2384	99.79			
GCF_023218135_1	ref	GCF_023218135.1	2389	2389	100.00			
GCF_000264725_1	ref	GCF_000264725.1	2389	2354	98.53			
GCF_003069395_1	ref	GCF_003069395.1	2389	2382	99.71			
GCF_025514435_1	ref	GCF_025514435.1	2389	2389	100.00			
GCF_030678615_1	ref	GCF_030678615.1	2389	2384	99.79			
GCF_002918965_1	ref	GCF_002918965.1	2389	2385	99.83			
bin_4_52	bin	bin-4-52	2389	2366	99.04	99.86	-0.82	
