clase	motivo	bin	genoma_original	locus_tag	familia	gen	producto	largo_aa	contig	largo_contig	gc_contig	inicio	fin	hebra	dist_borde_pb	f1	f4	f4_hit	f2_anclaje	f3	f3_hit	f6	f6_hit	f5_origen	f5_hit	f5_pident	f5_qcovs	f5_taxon
verificado		bin_5_63	bin-5-63	bin_5_63_00095	group_1291		Serine protease	214	contig_7	91591	0.4062	1542	2186	+	1541	ok	ok		anclado	ok				mismo_genero	ref|WP_440600311.1|	100.0	100	1423 | Bacillota;Bacillaceae;Bacillus;Bacillus subtilis (+1 taxid mas en el mismo registro)
verificado		bin_5_63	bin-5-63	bin_5_63_00096	group_1675		DUF4342 domain-containing protein	151	contig_7	91591	0.4062	2188	2643	+	2187	ok	ok		anclado	ok				mismo_genero	ref|WP_440600310.1|	100.0	100	1423 | Bacillota;Bacillaceae;Bacillus;Bacillus subtilis (+1 taxid mas en el mismo registro)
descartado	descartado_F4_presente_en_especie	bin_5_63	bin-5-63	bin_5_63_00159	group_397		SIR2 family protein	430	contig_7	91591	0.4062	69200	70492	+	21099	ok	descartado_F4_presente_en_especie	GCF_024362715_1 (100.0 % id, 100 % cov)	anclado									
descartado	descartado_F4_presente_en_especie	bin_5_63	bin-5-63	bin_5_63_00160	group_1604		Maturase K	161	contig_7	91591	0.4062	70489	70974	+	20617	ok	descartado_F4_presente_en_especie	GCF_024362715_1 (99.4 % id, 100 % cov)	anclado									
descartado	descartado_F4_presente_en_especie	bin_5_63	bin-5-63	bin_5_63_00161	group_105		Rad50/SbcC-type AAA domain-containing protein	635	contig_7	91591	0.4062	70961	72868	+	18723	ok	descartado_F4_presente_en_especie	GCF_024362715_1 (99.8 % id, 100 % cov)	anclado									
descartado	descartado_F1_corto	bin_5_63	bin-5-63	bin_5_63_00302	group_5426		Transcriptional regulator	59	contig_11	25711	0.3935	14730	14909	+	10802	descartado_F1_corto			anclado									
descartado	descartado_F4_presente_en_especie	bin_5_63	bin-5-63	bin_5_63_00303	group_5422		hypothetical protein	163	contig_11	25711	0.3935	14967	15458	-	10253	ok	descartado_F4_presente_en_especie	GCF_900119345_1 (100.0 % id, 85 % cov)	anclado									
descartado	descartado_F1_corto	bin_5_63	bin-5-63	bin_5_63_00304	group_5425		DUF1146 domain-containing protein	67	contig_11	25711	0.3935	15569	15772	-	9939	descartado_F1_corto			anclado									
descartado	descartado_F4_presente_en_especie	bin_5_63	bin-5-63	bin_5_63_00305	group_5424		hypothetical protein	232	contig_11	25711	0.3935	16449	17147	-	8564	ok	descartado_F4_presente_en_especie	GCF_900119345_1 (99.6 % id, 100 % cov)	anclado									
descartado	descartado_F4_presente_en_especie	bin_5_63	bin-5-63	bin_5_63_00306	group_5423		site-specific integrase	174	contig_11	25711	0.3935	18030	18554	+	7157	ok	descartado_F4_presente_en_especie	GCF_900119345_1 (99.4 % id, 100 % cov)	anclado									
descartado	descartado_F1_corto	bin_5_63	bin-5-63	bin_5_63_01184	group_5427		hypothetical protein	30	contig_43	20680	0.4122	5055	5147	-	5054	descartado_F1_corto			anclado									
descartado	descartado_F4_presente_en_especie	bin_5_63	bin-5-63	bin_5_63_01216	group_260		HNH/ENDO VII family nuclease	485	contig_44	39056	0.4268	17060	18517	-	17059	ok	descartado_F4_presente_en_especie	GCF_900188195_1 (99.8 % id, 100 % cov)	anclado									
descartado	descartado_F4_presente_en_especie	bin_5_63	bin-5-63	bin_5_63_01463	group_148		ATP-dependent endonuclease	589	contig_50	78781	0.4100	60849	62618	+	16163	ok	descartado_F4_presente_en_especie	GCF_005849435_1 (98.3 % id, 100 % cov)	anclado									
descartado	descartado_F4_presente_en_especie	bin_5_63	bin-5-63	bin_5_63_01464	group_188		ATP-dependent helicase	541	contig_50	78781	0.4100	62605	64230	+	14551	ok	descartado_F4_presente_en_especie	GCF_005849435_1 (98.0 % id, 100 % cov)	anclado									
