1386	Bacillota;Bacillaceae;Bacillus;
1396	Bacillota;Bacillaceae;Bacillus;Bacillus cereus
1402860	Bacillota;Bacillaceae;Rossellomorea;[Bacillus] enclensis
1405	Bacillota;Bacillaceae;Bacillus;Bacillus mycoides
1423	Bacillota;Bacillaceae;Bacillus;Bacillus subtilis
189426	Bacillota;Paenibacillaceae;Paenibacillus;Paenibacillus odorifer
2026187	Bacillota;Bacillaceae;Bacillus;Bacillus pacificus
2026190	Bacillota;Bacillaceae;Bacillus;Bacillus mobilis
2045244	Bacillota;Bacillaceae;Alteribacter;Alteribacter lacisalsi
2597347	Bacillota;Caryophanaceae;Planococcus;Planococcus sp. ANT_H30
2921594	Bacillota;Bacillaceae;Bacillus;Bacillus sp. FSL R9-9834
293387	Bacillota;Bacillaceae;Bacillus;Bacillus altitudinis
2975311	Bacillota;Paenibacillaceae;Paenibacillus;Paenibacillus sp. FSL L8-0708
3239229	Bacillota;Bacillaceae;Bacillus;Bacillus sp. RCC_6_1
3453927	Bacillota;Bacillaceae;Bacillus;Bacillus sp. 22483
41170	Bacillota;;Exiguobacterium;Exiguobacterium acetylicum
44249	Bacillota;Paenibacillaceae;Paenibacillus;
86661	Bacillota;Bacillaceae;Bacillus;
