id	tipo	slug	estado	n_contigs	longitud	n_cds	n_sorf	n_pseudo	n_trna	n_rrna	mediana_cds_refs	dif_rel_mediana	alerta
GCF_029894105_1	ref	L16_Bacillus_altitudinis	ok	2	3899111	3974	3	24	82	23	3788.5	0.049	
GCF_000691145_1	ref	L16_Bacillus_altitudinis	ok	39	3678935	3754	4	13	52	3	3788.5	-0.009	
GCF_010747395_1	ref	L16_Bacillus_altitudinis	ok	54	3684860	3719	3	11	59	3	3788.5	-0.018	
GCF_001687085_1	ref	L16_Bacillus_altitudinis	ok	1	3659360	3692	3	11	60	10	3788.5	-0.025	
GCF_003946835_1	ref	L16_Bacillus_altitudinis	ok	26	3729829	3738	3	6	74	10	3788.5	-0.013	
GCF_023525275_1	ref	L16_Bacillus_altitudinis	ok	48	3648564	3686	3	9	70	3	3788.5	-0.027	
GCF_024134705_1	ref	L16_Bacillus_altitudinis	ok	1	3749596	3741	3	12	82	24	3788.5	-0.013	
GCF_000789425_2	ref	L16_Bacillus_altitudinis	ok	8	3743699	3795	3	17	60	8	3788.5	0.002	
GCF_000972685_1	ref	L16_Bacillus_altitudinis	ok	1	3745123	3780	3	5	70	21	3788.5	-0.002	
GCF_023502445_1	ref	L16_Bacillus_altitudinis	ok	17	3788883	3864	3	6	81	11	3788.5	0.020	
GCA_002953695_1	ref	L16_Bacillus_altitudinis	ok	1	3751533	3857	5	14	66	5	3788.5	0.018	
GCF_026786505_1	ref	L16_Bacillus_altitudinis	ok	72	3731239	3797	3	11	59	3	3788.5	0.002	
GCF_026787755_1	ref	L16_Bacillus_altitudinis	ok	86	3866019	3942	4	12	63	4	3788.5	0.041	
GCF_011067205_1	ref	L16_Bacillus_altitudinis	ok	1	4041532	4238	5	14	69	3	3788.5	0.119	
GCF_002571755_1	ref	L16_Bacillus_altitudinis	ok	53	3696995	3733	3	4	62	3	3788.5	-0.015	
GCF_004101925_1	ref	L16_Bacillus_altitudinis	ok	1	3829464	3890	3	13	81	24	3788.5	0.027	
GCF_021654615_1	ref	L16_Bacillus_altitudinis	ok	1	3715529	3719	3	5	81	24	3788.5	-0.018	
GCF_902500235_1	ref	L16_Bacillus_altitudinis	ok	63	3727231	3842	4	36	56	4	3788.5	0.014	
GCF_026787465_1	ref	L16_Bacillus_altitudinis	ok	62	3938180	4088	4	20	68	3	3788.5	0.079	
GCF_015160895_1	ref	L16_Bacillus_altitudinis	ok	1	3763717	3776	4	9	81	24	3788.5	-0.003	
GCA_029953515_1	ref	L16_Bacillus_altitudinis	ok	1	3754982	3802	4	10	51	4	3788.5	0.004	
GCF_026787325_1	ref	L16_Bacillus_altitudinis	ok	82	3798571	3874	2	13	71	4	3788.5	0.023	
GCF_028550655_1	ref	L16_Bacillus_altitudinis	ok	13	3714140	3791	3	9	68	10	3788.5	0.001	
GCF_015689015_1	ref	L16_Bacillus_altitudinis	ok	1	3718493	3728	3	6	81	24	3788.5	-0.016	
GCF_029537175_1	ref	L16_Bacillus_altitudinis	ok	3	3853736	4050	4	73	81	24	3788.5	0.069	
GCF_001578165_1	ref	L16_Bacillus_altitudinis	ok	1	3860091	3862	4	12	82	24	3788.5	0.019	
GCF_000828455_1	ref	L16_Bacillus_altitudinis	ok	56	3719496	3767	3	12	67	6	3788.5	-0.006	
GCF_003284495_1	ref	L16_Bacillus_altitudinis	ok	28	3746010	3774	3	6	75	10	3788.5	-0.004	
GCF_003049175_1	ref	L16_Bacillus_altitudinis	ok	85	3714673	3763	4	13	68	5	3788.5	-0.007	
GCF_029478555_1	ref	L16_Bacillus_altitudinis	ok	41	3756051	3816	4	10	74	10	3788.5	0.007	
GCF_016767855_1	ref	L16_Bacillus_altitudinis	ok	1	3741767	3773	3	8	81	24	3788.5	-0.004	
GCF_030122945_1	ref	L16_Bacillus_altitudinis	ok	1	3788886	3826	3	8	81	24	3788.5	0.010	
GCF_030123125_1	ref	L16_Bacillus_altitudinis	ok	1	3797173	3820	4	11	81	24	3788.5	0.008	
GCF_002443015_2	ref	L16_Bacillus_altitudinis	ok	2	3844795	3852	4	17	81	24	3788.5	0.017	
GCF_021654595_1	ref	L16_Bacillus_altitudinis	ok	2	3681563	3702	3	9	81	24	3788.5	-0.023	
GCF_030645085_1	ref	L16_Bacillus_altitudinis	ok	1	3892599	3913	4	10	81	24	3788.5	0.033	
GCF_026786615_1	ref	L16_Bacillus_altitudinis	ok	69	3738788	3808	3	14	69	4	3788.5	0.005	
GCF_030291995_1	ref	L16_Bacillus_altitudinis	ok	2	3919705	3966	3	14	82	24	3788.5	0.047	
GCF_000353245_1	ref	L16_Bacillus_altitudinis	ok	19	3705643	3808	3	13	60	4	3788.5	0.005	
GCF_013391605_1	ref	L16_Bacillus_altitudinis	ok	23	3794141	3859	3	10	73	7	3788.5	0.019	
GCF_007671735_1	ref	L16_Bacillus_altitudinis	ok	23	3691136	3744	3	6	54	4	3788.5	-0.012	
GCF_005144805_1	ref	L16_Bacillus_altitudinis	ok	20	3762691	3834	3	9	71	10	3788.5	0.012	
GCF_000590455_1	ref	L16_Bacillus_altitudinis	ok	1	3763493	3786	3	14	81	24	3788.5	-0.001	
GCF_026787895_1	ref	L16_Bacillus_altitudinis	ok	57	3699463	3731	3	10	65	5	3788.5	-0.015	
GCF_006007905_1	ref	L16_Bacillus_altitudinis	ok	3	3716092	3771	3	5	70	21	3788.5	-0.005	
GCF_030433755_1	ref	L16_Bacillus_altitudinis	ok	190	3729660	3719	3	8	40	4	3788.5	-0.018	
GCF_008123875_1	ref	L16_Bacillus_altitudinis	ok	22	3671094	3724	3	7	52	5	3788.5	-0.017	
GCF_001543165_1	ref	L16_Bacillus_altitudinis	ok	1	3745118	3513	3	6	70	20	3788.5	-0.073	
GCF_002077245_1	ref	L16_Bacillus_altitudinis	ok	159	3628496	3677	3	7	74	9	3788.5	-0.029	
GCF_026787695_1	ref	L16_Bacillus_altitudinis	ok	165	3627103	3641	3	20	57	4	3788.5	-0.039	
bin_5_63	bin	L16_Bacillus_altitudinis	ok	90	2758939	2738	1	5	28	3	3788.5	-0.277	
GCF_030123165_1	ref	L12_Peribacillus_frigoritolerans	ok	1	5451292	5182	3	29	85	42	5336.5	-0.029	
GCF_023823955_1	ref	L12_Peribacillus_frigoritolerans	ok	1	5654626	5460	4	54	85	39	5336.5	0.023	
GCF_030122925_1	ref	L12_Peribacillus_frigoritolerans	ok	1	5436505	5175	3	37	83	42	5336.5	-0.030	
GCF_004006475_1	ref	L12_Peribacillus_frigoritolerans	ok	1	5475560	5265	3	40	84	39	5336.5	-0.013	
GCF_022394675_1	ref	L12_Peribacillus_frigoritolerans	ok	2	5568581	5290	3	35	83	42	5336.5	-0.009	
GCF_023823995_1	ref	L12_Peribacillus_frigoritolerans	ok	3	5517519	5380	3	53	87	39	5336.5	0.008	
GCF_025960625_1	ref	L12_Peribacillus_frigoritolerans	ok	4	5781076	5517	3	43	90	40	5336.5	0.034	
GCF_001636405_1	ref	L12_Peribacillus_frigoritolerans	ok	2	5460250	5191	3	43	89	40	5336.5	-0.027	
GCA_001636485_1	ref	L12_Peribacillus_frigoritolerans	ok	4	5713881	5449	4	50	81	39	5336.5	0.021	
GCA_001277355_1	ref	L12_Peribacillus_frigoritolerans	ok	8	5537020	5303	4	50	80	43	5336.5	-0.006	
GCF_014876505_1	ref	L12_Peribacillus_frigoritolerans	ok	7	5479397	5249	3	26	65	20	5336.5	-0.016	
GCA_001277335_1	ref	L12_Peribacillus_frigoritolerans	ok	11	5479501	5266	3	63	81	37	5336.5	-0.013	
GCF_007828935_1	ref	L12_Peribacillus_frigoritolerans	ok	15	5331395	5089	3	37	79	12	5336.5	-0.046	
GCA_000785385_1	ref	L12_Peribacillus_frigoritolerans	ok	11	5542549	5444	3	101	75	29	5336.5	0.020	
GCF_018613135_1	ref	L12_Peribacillus_frigoritolerans	ok	43	5478944	5364	4	25	70	7	5336.5	0.005	
GCF_022603155_1	ref	L12_Peribacillus_frigoritolerans	ok	46	5521551	5359	3	52	86	16	5336.5	0.004	
GCA_001429835_1	ref	L12_Peribacillus_frigoritolerans	ok	36	5433739	5190	3	55	81	11	5336.5	-0.027	
GCA_002998155_1	ref	L12_Peribacillus_frigoritolerans	ok	64	5459791	5241	3	48	79	15	5336.5	-0.018	
GCA_024160055_1	ref	L12_Peribacillus_frigoritolerans	ok	80	5490412	5330	5	36	81	13	5336.5	-0.001	
GCF_024733505_1	ref	L12_Peribacillus_frigoritolerans	ok	54	5332774	5126	4	38	60	7	5336.5	-0.039	
GCA_021012855_1	ref	L12_Peribacillus_frigoritolerans	ok	88	5743707	5506	4	34	82	17	5336.5	0.032	
GCF_026794655_1	ref	L12_Peribacillus_frigoritolerans	ok	75	5554127	5365	3	46	70	13	5336.5	0.005	
GCA_001636475_1	ref	L12_Peribacillus_frigoritolerans	ok	23	6494937	6282	4	58	82	34	5336.5	0.177	
GCA_018613485_1	ref	L12_Peribacillus_frigoritolerans	ok	157	5629610	5496	4	70	70	9	5336.5	0.030	
GCF_023502885_1	ref	L12_Peribacillus_frigoritolerans	ok	158	5452963	5255	4	40	42	6	5336.5	-0.015	
GCF_026794285_1	ref	L12_Peribacillus_frigoritolerans	ok	149	5457394	5250	3	30	78	4	5336.5	-0.016	
GCF_023502825_1	ref	L12_Peribacillus_frigoritolerans	ok	206	5820098	5604	3	34	42	5	5336.5	0.050	
GCF_026795095_1	ref	L12_Peribacillus_frigoritolerans	ok	170	5339825	5170	3	38	82	8	5336.5	-0.031	
GCA_030804025_1	ref	L12_Peribacillus_frigoritolerans	ok	1	5587248	5341	3	72	83	42	5336.5	0.001	
GCF_024169475_1	ref	L12_Peribacillus_frigoritolerans	ok	2	5498187	5237	3	41	84	45	5336.5	-0.019	
GCF_030348775_1	ref	L12_Peribacillus_frigoritolerans	ok	3	5595385	5403	4	53	84	42	5336.5	0.012	
GCF_030348515_1	ref	L12_Peribacillus_frigoritolerans	ok	3	6015255	5760	4	35	85	42	5336.5	0.079	
GCF_030348785_1	ref	L12_Peribacillus_frigoritolerans	ok	8	5623000	5397	3	43	85	42	5336.5	0.011	
GCF_026891895_1	ref	L12_Peribacillus_frigoritolerans	ok	43	5482853	5248	3	34	79	3	5336.5	-0.017	
GCA_014839555_1	ref	L12_Peribacillus_frigoritolerans	ok	63	5441368	5220	3	54	82	11	5336.5	-0.022	
GCF_025548515_1	ref	L12_Peribacillus_frigoritolerans	ok	66	5609273	5412	3	29	76	12	5336.5	0.014	
GCF_029222345_1	ref	L12_Peribacillus_frigoritolerans	ok	90	5575529	5459	3	55	81	9	5336.5	0.023	
GCA_016757415_1	ref	L12_Peribacillus_frigoritolerans	ok	136	5645431	5413	3	44	82	18	5336.5	0.014	
GCF_023714145_1	ref	L12_Peribacillus_frigoritolerans	ok	153	5714308	5564	4	39	84	15	5336.5	0.043	
GCA_019748875_1	ref	L12_Peribacillus_frigoritolerans	ok	166	5502680	5332	3	51	83	6	5336.5	-0.001	
GCA_002276655_1	ref	L12_Peribacillus_frigoritolerans	ok	215	5852461	5697	4	68	63	14	5336.5	0.068	
GCF_029625965_1	ref	L12_Peribacillus_frigoritolerans	ok	288	5501241	5252	4	36	42	6	5336.5	-0.016	
bin_1_54	bin	L12_Peribacillus_frigoritolerans	ok	49	4312038	4164	3	5	70	9	5336.5	-0.220	
GCF_003072585_2	ref	L8_Acinetobacter_schindleri	ok	2	3244663	3132	1	33	86	21	3123	0.003	
GCF_028657965_1	ref	L8_Acinetobacter_schindleri	ok	2	3332387	3105	1	7	87	21	3123	-0.006	
GCF_001971565_1	ref	L8_Acinetobacter_schindleri	ok	7	3268053	3080	0	10	84	21	3123	-0.014	
GCA_022832955_1	ref	L8_Acinetobacter_schindleri	ok	7	3443157	3552	0	180	88	21	3123	0.137	
GCF_010919095_1	ref	L8_Acinetobacter_schindleri	ok	9	3320700	3143	3	22	88	21	3123	0.006	
GCF_010918895_1	ref	L8_Acinetobacter_schindleri	ok	9	3337186	3133	1	9	87	21	3123	0.003	
GCF_010918635_1	ref	L8_Acinetobacter_schindleri	ok	11	3376106	3174	2	12	89	21	3123	0.016	
GCF_000368465_1	ref	L8_Acinetobacter_schindleri	ok	12	3414896	3257	0	3	69	14	3123	0.043	
GCF_000368625_1	ref	L8_Acinetobacter_schindleri	ok	18	3394558	3173	0	0	71	18	3123	0.016	
GCF_000369585_1	ref	L8_Acinetobacter_schindleri	ok	17	3205996	2965	0	4	73	20	3123	-0.051	
GCF_014204595_1	ref	L8_Acinetobacter_schindleri	ok	65	3171976	3012	0	11	74	7	3123	-0.036	
GCF_001866125_1	ref	L8_Acinetobacter_schindleri	ok	98	3134118	2940	1	14	72	3	3123	-0.059	
GCF_003289665_1	ref	L8_Acinetobacter_schindleri	ok	46	2969145	2781	0	12	67	7	3123	-0.110	
GCF_030973565_1	ref	L8_Acinetobacter_schindleri	ok	134	3333112	3123	2	10	73	4	3123	0.000	
GCF_024129565_1	ref	L8_Acinetobacter_schindleri	ok	39	3140937	2920	0	3	79	4	3123	-0.065	
GCA_013420325_1	ref	L8_Acinetobacter_schindleri	ok	70	3419192	3245	0	11	70	8	3123	0.039	
GCF_025513595_1	ref	L8_Acinetobacter_schindleri	ok	86	3383251	3171	1	6	70	4	3123	0.015	
GCF_023218135_1	ref	L8_Acinetobacter_schindleri	ok	101	3262646	3051	0	4	78	9	3123	-0.023	
GCF_000264725_1	ref	L8_Acinetobacter_schindleri	ok	102	3125085	3039	0	50	64	15	3123	-0.027	
GCF_003069395_1	ref	L8_Acinetobacter_schindleri	ok	105	3157970	2955	0	19	68	8	3123	-0.054	
GCF_025514435_1	ref	L8_Acinetobacter_schindleri	ok	106	3433592	3241	0	4	62	4	3123	0.038	
GCF_030678615_1	ref	L8_Acinetobacter_schindleri	ok	138	3117264	2933	0	4	75	8	3123	-0.061	
GCF_002918965_1	ref	L8_Acinetobacter_schindleri	ok	161	3463366	3257	1	16	71	9	3123	0.043	
bin_4_52	bin	L8_Acinetobacter_schindleri	ok	96	3497259	3265	1	15	64	7	3123	0.045	
