slug	dimension	valor	n
L16_Bacillus_altitudinis	nivel	T2	47
L16_Bacillus_altitudinis	nivel	T0	2
L16_Bacillus_altitudinis	nivel	T1	1
L16_Bacillus_altitudinis	habitat	desconocido	7
L16_Bacillus_altitudinis	habitat	otro_ambiental	7
L16_Bacillus_altitudinis	habitat	suelo	7
L16_Bacillus_altitudinis	habitat	agua_sedimento	6
L16_Bacillus_altitudinis	habitat	planta	6
L16_Bacillus_altitudinis	habitat	animal	6
L16_Bacillus_altitudinis	habitat	sin_clasificar	4
L16_Bacillus_altitudinis	habitat	alimento_industrial	3
L16_Bacillus_altitudinis	habitat	clinico_humano	3
L16_Bacillus_altitudinis	habitat	petreo_arido	1
L16_Bacillus_altitudinis	continente	Asia	15
L16_Bacillus_altitudinis	continente	America_del_Norte	11
L16_Bacillus_altitudinis	continente	Europa	10
L16_Bacillus_altitudinis	continente	Africa	4
L16_Bacillus_altitudinis	continente	America_Latina_Caribe	4
L16_Bacillus_altitudinis	continente	desconocido	3
L16_Bacillus_altitudinis	continente	Oceano	2
L16_Bacillus_altitudinis	continente	Oceania	1
L12_Peribacillus_frigoritolerans	nivel	T2	38
L12_Peribacillus_frigoritolerans	nivel	T0	3
L12_Peribacillus_frigoritolerans	nivel	T1	1
L12_Peribacillus_frigoritolerans	habitat	suelo	17
L12_Peribacillus_frigoritolerans	habitat	planta	11
L12_Peribacillus_frigoritolerans	habitat	desconocido	7
L12_Peribacillus_frigoritolerans	habitat	otro_ambiental	2
L12_Peribacillus_frigoritolerans	habitat	petreo_arido	1
L12_Peribacillus_frigoritolerans	habitat	clinico_humano	1
L12_Peribacillus_frigoritolerans	habitat	agua_sedimento	1
L12_Peribacillus_frigoritolerans	habitat	sin_clasificar	1
L12_Peribacillus_frigoritolerans	habitat	animal	1
L12_Peribacillus_frigoritolerans	continente	Asia	16
L12_Peribacillus_frigoritolerans	continente	Europa	14
L12_Peribacillus_frigoritolerans	continente	desconocido	4
L12_Peribacillus_frigoritolerans	continente	America_del_Norte	4
L12_Peribacillus_frigoritolerans	continente	America_Latina_Caribe	2
L12_Peribacillus_frigoritolerans	continente	Africa	2
L8_Acinetobacter_schindleri	nivel	T2	22
L8_Acinetobacter_schindleri	nivel	T0	1
L8_Acinetobacter_schindleri	habitat	clinico_humano	11
L8_Acinetobacter_schindleri	habitat	desconocido	4
L8_Acinetobacter_schindleri	habitat	otro_ambiental	3
L8_Acinetobacter_schindleri	habitat	agua_sedimento	3
L8_Acinetobacter_schindleri	habitat	animal	1
L8_Acinetobacter_schindleri	habitat	planta	1
L8_Acinetobacter_schindleri	continente	Asia	10
L8_Acinetobacter_schindleri	continente	Europa	6
L8_Acinetobacter_schindleri	continente	America_del_Norte	5
L8_Acinetobacter_schindleri	continente	America_Latina_Caribe	1
L8_Acinetobacter_schindleri	continente	desconocido	1
