isolation_source	n_genomas	habitat	patron
none	182	desconocido	
soil	69	suelo	\b(soil|compost|biocompost|manure|humus|peat|farmland|arable|field|agricultural|greenhouse|plastic house|forest|garden|sand)
sediment	18	agua_sedimento	\b(water|freshwater|marine|sea|ocean|lake|river|creek|stream|sediment|estuar|wastewater|effluent|sewage|sludge|hot spring|spring|pond|lagoon|saline|salt|hypersaline|groundwater|aquifer|glacier|ice|snow|permafrost)
environmental	17	otro_ambiental	\b(environment|air|aerosol|clean ?room|spacecraft|space station|surface|elevator|button|indoor|oil|petroleum|hydrocarbon|contaminat|polluted|biofilm|pipeline|volcan|geothermal|radioactive)
skim milk powder (medium heat)	14	alimento_industrial	\b(food|milk|buttermilk|cheese|dairy|meat|sausage|fermented|fermentation|kimchi|soy|natto|doenjang|cheonggukjang|bread|dough|soup|beverage|juice|wine|beer|liquor|maotai|daqu|pit mud|vinegar|tea|cocoa|coffee|honey|industrial|factory|probiotic|feed|silage|starter|brine|pickle|enzym|amylase|protease|product|heroin)
uncut heroin sample	11	alimento_industrial	\b(food|milk|buttermilk|cheese|dairy|meat|sausage|fermented|fermentation|kimchi|soy|natto|doenjang|cheonggukjang|bread|dough|soup|beverage|juice|wine|beer|liquor|maotai|daqu|pit mud|vinegar|tea|cocoa|coffee|honey|industrial|factory|probiotic|feed|silage|starter|brine|pickle|enzym|amylase|protease|product|heroin)
Cleanroom	11	otro_ambiental	\b(environment|air|aerosol|clean ?room|spacecraft|space station|surface|elevator|button|indoor|oil|petroleum|hydrocarbon|contaminat|polluted|biofilm|pipeline|volcan|geothermal|radioactive)
rhizosphere soil	11	planta	\b(plant|root|rhizosphere|leaf|leaves|phyllosphere|seed|endophyt|stem|flower|fruit|apple|tree|maize|corn|wheat|tomato|potato|cotton|tobacco|grass\b|moss|lichen|algae|alga)
Alpha-amylase enzym 4g (Coobra)	10	alimento_industrial	\b(food|milk|buttermilk|cheese|dairy|meat|sausage|fermented|fermentation|kimchi|soy|natto|doenjang|cheonggukjang|bread|dough|soup|beverage|juice|wine|beer|liquor|maotai|daqu|pit mud|vinegar|tea|cocoa|coffee|honey|industrial|factory|probiotic|feed|silage|starter|brine|pickle|enzym|amylase|protease|product|heroin)
Plant	8	planta	\b(plant|root|rhizosphere|leaf|leaves|phyllosphere|seed|endophyt|stem|flower|fruit|apple|tree|maize|corn|wheat|tomato|potato|cotton|tobacco|grass\b|moss|lichen|algae|alga)
cleanroom floor	7	otro_ambiental	\b(environment|air|aerosol|clean ?room|spacecraft|space station|surface|elevator|button|indoor|oil|petroleum|hydrocarbon|contaminat|polluted|biofilm|pipeline|volcan|geothermal|radioactive)
food	7	alimento_industrial	\b(food|milk|buttermilk|cheese|dairy|meat|sausage|fermented|fermentation|kimchi|soy|natto|doenjang|cheonggukjang|bread|dough|soup|beverage|juice|wine|beer|liquor|maotai|daqu|pit mud|vinegar|tea|cocoa|coffee|honey|industrial|factory|probiotic|feed|silage|starter|brine|pickle|enzym|amylase|protease|product|heroin)
leaf	7	planta	\b(plant|root|rhizosphere|leaf|leaves|phyllosphere|seed|endophyt|stem|flower|fruit|apple|tree|maize|corn|wheat|tomato|potato|cotton|tobacco|grass\b|moss|lichen|algae|alga)
feces	6	clinico_humano	\b(human|homo sapiens|patient|clinical|hospital|blood|urine|feces|faeces|fecal|faecal|stool|sputum|gut\b|wound|abscess|catheter|endovascular|duodenum|conjunctiva|nasal|nasopharyn|oral|saliva|vagina|skin|kidney|pus|cerebrospinal|bronch|infant|neonat|biopsy|swab)
stool	6	clinico_humano	\b(human|homo sapiens|patient|clinical|hospital|blood|urine|feces|faeces|fecal|faecal|stool|sputum|gut\b|wound|abscess|catheter|endovascular|duodenum|conjunctiva|nasal|nasopharyn|oral|saliva|vagina|skin|kidney|pus|cerebrospinal|bronch|infant|neonat|biopsy|swab)
Gergoush (Sudanese Bread snack) primary fermentation step	6	alimento_industrial	\b(food|milk|buttermilk|cheese|dairy|meat|sausage|fermented|fermentation|kimchi|soy|natto|doenjang|cheonggukjang|bread|dough|soup|beverage|juice|wine|beer|liquor|maotai|daqu|pit mud|vinegar|tea|cocoa|coffee|honey|industrial|factory|probiotic|feed|silage|starter|brine|pickle|enzym|amylase|protease|product|heroin)
compost	5	suelo	\b(soil|compost|biocompost|manure|humus|peat|farmland|arable|field|agricultural|greenhouse|plastic house|forest|garden|sand)
Skim milk powder (medium heat)	4	alimento_industrial	\b(food|milk|buttermilk|cheese|dairy|meat|sausage|fermented|fermentation|kimchi|soy|natto|doenjang|cheonggukjang|bread|dough|soup|beverage|juice|wine|beer|liquor|maotai|daqu|pit mud|vinegar|tea|cocoa|coffee|honey|industrial|factory|probiotic|feed|silage|starter|brine|pickle|enzym|amylase|protease|product|heroin)
Korean soybean paste	4	alimento_industrial	\b(food|milk|buttermilk|cheese|dairy|meat|sausage|fermented|fermentation|kimchi|soy|natto|doenjang|cheonggukjang|bread|dough|soup|beverage|juice|wine|beer|liquor|maotai|daqu|pit mud|vinegar|tea|cocoa|coffee|honey|industrial|factory|probiotic|feed|silage|starter|brine|pickle|enzym|amylase|protease|product|heroin)
Clean room	4	otro_ambiental	\b(environment|air|aerosol|clean ?room|spacecraft|space station|surface|elevator|button|indoor|oil|petroleum|hydrocarbon|contaminat|polluted|biofilm|pipeline|volcan|geothermal|radioactive)
Rice seed	4	planta	\b(plant|root|rhizosphere|leaf|leaves|phyllosphere|seed|endophyt|stem|flower|fruit|apple|tree|maize|corn|wheat|tomato|potato|cotton|tobacco|grass\b|moss|lichen|algae|alga)
marine sediment	4	agua_sedimento	\b(water|freshwater|marine|sea|ocean|lake|river|creek|stream|sediment|estuar|wastewater|effluent|sewage|sludge|hot spring|spring|pond|lagoon|saline|salt|hypersaline|groundwater|aquifer|glacier|ice|snow|permafrost)
steppe soil[ENVO:00005777]|soil organic matter[ENVO:04000008]	4	suelo	\b(soil|compost|biocompost|manure|humus|peat|farmland|arable|field|agricultural|greenhouse|plastic house|forest|garden|sand)
Herd 321	4	animal	\b(animal|cattle|bovine|cow|calf|herd|pig|swine|porcine|chicken|poultry|avian|bird|fish|shrimp|insect|bee|honeybee|mosquito|termite|larva|moth\b|meal moth|spider|rumen|caecum|cecum|excreta|mouse|mice|rat|horse|equine|dog|canine|sheep|ovine|goat|caprine|snail|oyster|coral|sponge|nematode|worm)
heated water in contact with grass/sediment layer	3	agua_sedimento	\b(water|freshwater|marine|sea|ocean|lake|river|creek|stream|sediment|estuar|wastewater|effluent|sewage|sludge|hot spring|spring|pond|lagoon|saline|salt|hypersaline|groundwater|aquifer|glacier|ice|snow|permafrost)
honey	3	alimento_industrial	\b(food|milk|buttermilk|cheese|dairy|meat|sausage|fermented|fermentation|kimchi|soy|natto|doenjang|cheonggukjang|bread|dough|soup|beverage|juice|wine|beer|liquor|maotai|daqu|pit mud|vinegar|tea|cocoa|coffee|honey|industrial|factory|probiotic|feed|silage|starter|brine|pickle|enzym|amylase|protease|product|heroin)
Soil	3	suelo	\b(soil|compost|biocompost|manure|humus|peat|farmland|arable|field|agricultural|greenhouse|plastic house|forest|garden|sand)
Dye pond	3	agua_sedimento	\b(water|freshwater|marine|sea|ocean|lake|river|creek|stream|sediment|estuar|wastewater|effluent|sewage|sludge|hot spring|spring|pond|lagoon|saline|salt|hypersaline|groundwater|aquifer|glacier|ice|snow|permafrost)
air	3	otro_ambiental	\b(environment|air|aerosol|clean ?room|spacecraft|space station|surface|elevator|button|indoor|oil|petroleum|hydrocarbon|contaminat|polluted|biofilm|pipeline|volcan|geothermal|radioactive)
blood	3	clinico_humano	\b(human|homo sapiens|patient|clinical|hospital|blood|urine|feces|faeces|fecal|faecal|stool|sputum|gut\b|wound|abscess|catheter|endovascular|duodenum|conjunctiva|nasal|nasopharyn|oral|saliva|vagina|skin|kidney|pus|cerebrospinal|bronch|infant|neonat|biopsy|swab)
skin	3	clinico_humano	\b(human|homo sapiens|patient|clinical|hospital|blood|urine|feces|faeces|fecal|faecal|stool|sputum|gut\b|wound|abscess|catheter|endovascular|duodenum|conjunctiva|nasal|nasopharyn|oral|saliva|vagina|skin|kidney|pus|cerebrospinal|bronch|infant|neonat|biopsy|swab)
Marine	2	agua_sedimento	\b(water|freshwater|marine|sea|ocean|lake|river|creek|stream|sediment|estuar|wastewater|effluent|sewage|sludge|hot spring|spring|pond|lagoon|saline|salt|hypersaline|groundwater|aquifer|glacier|ice|snow|permafrost)
sediment soil	2	agua_sedimento	\b(water|freshwater|marine|sea|ocean|lake|river|creek|stream|sediment|estuar|wastewater|effluent|sewage|sludge|hot spring|spring|pond|lagoon|saline|salt|hypersaline|groundwater|aquifer|glacier|ice|snow|permafrost)
concentrated milk	2	alimento_industrial	\b(food|milk|buttermilk|cheese|dairy|meat|sausage|fermented|fermentation|kimchi|soy|natto|doenjang|cheonggukjang|bread|dough|soup|beverage|juice|wine|beer|liquor|maotai|daqu|pit mud|vinegar|tea|cocoa|coffee|honey|industrial|factory|probiotic|feed|silage|starter|brine|pickle|enzym|amylase|protease|product|heroin)
grassland soil	2	suelo	\b(soil|compost|biocompost|manure|humus|peat|farmland|arable|field|agricultural|greenhouse|plastic house|forest|garden|sand)
Water	2	agua_sedimento	\b(water|freshwater|marine|sea|ocean|lake|river|creek|stream|sediment|estuar|wastewater|effluent|sewage|sludge|hot spring|spring|pond|lagoon|saline|salt|hypersaline|groundwater|aquifer|glacier|ice|snow|permafrost)
Garden soil	2	suelo	\b(soil|compost|biocompost|manure|humus|peat|farmland|arable|field|agricultural|greenhouse|plastic house|forest|garden|sand)
spider	2	animal	\b(animal|cattle|bovine|cow|calf|herd|pig|swine|porcine|chicken|poultry|avian|bird|fish|shrimp|insect|bee|honeybee|mosquito|termite|larva|moth\b|meal moth|spider|rumen|caecum|cecum|excreta|mouse|mice|rat|horse|equine|dog|canine|sheep|ovine|goat|caprine|snail|oyster|coral|sponge|nematode|worm)
water	2	agua_sedimento	\b(water|freshwater|marine|sea|ocean|lake|river|creek|stream|sediment|estuar|wastewater|effluent|sewage|sludge|hot spring|spring|pond|lagoon|saline|salt|hypersaline|groundwater|aquifer|glacier|ice|snow|permafrost)
Mangrove plant	2	planta	\b(plant|root|rhizosphere|leaf|leaves|phyllosphere|seed|endophyt|stem|flower|fruit|apple|tree|maize|corn|wheat|tomato|potato|cotton|tobacco|grass\b|moss|lichen|algae|alga)
marine or sediment	2	agua_sedimento	\b(water|freshwater|marine|sea|ocean|lake|river|creek|stream|sediment|estuar|wastewater|effluent|sewage|sludge|hot spring|spring|pond|lagoon|saline|salt|hypersaline|groundwater|aquifer|glacier|ice|snow|permafrost)
pine forrest soil between two spruce trees	2	planta	\b(plant|root|rhizosphere|leaf|leaves|phyllosphere|seed|endophyt|stem|flower|fruit|apple|tree|maize|corn|wheat|tomato|potato|cotton|tobacco|grass\b|moss|lichen|algae|alga)
roots	2	planta	\b(plant|root|rhizosphere|leaf|leaves|phyllosphere|seed|endophyt|stem|flower|fruit|apple|tree|maize|corn|wheat|tomato|potato|cotton|tobacco|grass\b|moss|lichen|algae|alga)
ocean sediment	2	agua_sedimento	\b(water|freshwater|marine|sea|ocean|lake|river|creek|stream|sediment|estuar|wastewater|effluent|sewage|sludge|hot spring|spring|pond|lagoon|saline|salt|hypersaline|groundwater|aquifer|glacier|ice|snow|permafrost)
Bottom water	2	agua_sedimento	\b(water|freshwater|marine|sea|ocean|lake|river|creek|stream|sediment|estuar|wastewater|effluent|sewage|sludge|hot spring|spring|pond|lagoon|saline|salt|hypersaline|groundwater|aquifer|glacier|ice|snow|permafrost)
Final Effluent	2	agua_sedimento	\b(water|freshwater|marine|sea|ocean|lake|river|creek|stream|sediment|estuar|wastewater|effluent|sewage|sludge|hot spring|spring|pond|lagoon|saline|salt|hypersaline|groundwater|aquifer|glacier|ice|snow|permafrost)
Air filter	2	otro_ambiental	\b(environment|air|aerosol|clean ?room|spacecraft|space station|surface|elevator|button|indoor|oil|petroleum|hydrocarbon|contaminat|polluted|biofilm|pipeline|volcan|geothermal|radioactive)
sand	2	suelo	\b(soil|compost|biocompost|manure|humus|peat|farmland|arable|field|agricultural|greenhouse|plastic house|forest|garden|sand)
gut	2	clinico_humano	\b(human|homo sapiens|patient|clinical|hospital|blood|urine|feces|faeces|fecal|faecal|stool|sputum|gut\b|wound|abscess|catheter|endovascular|duodenum|conjunctiva|nasal|nasopharyn|oral|saliva|vagina|skin|kidney|pus|cerebrospinal|bronch|infant|neonat|biopsy|swab)
Seed	2	planta	\b(plant|root|rhizosphere|leaf|leaves|phyllosphere|seed|endophyt|stem|flower|fruit|apple|tree|maize|corn|wheat|tomato|potato|cotton|tobacco|grass\b|moss|lichen|algae|alga)
Core; Corn	2	planta	\b(plant|root|rhizosphere|leaf|leaves|phyllosphere|seed|endophyt|stem|flower|fruit|apple|tree|maize|corn|wheat|tomato|potato|cotton|tobacco|grass\b|moss|lichen|algae|alga)
Endovascular	2	clinico_humano	\b(human|homo sapiens|patient|clinical|hospital|blood|urine|feces|faeces|fecal|faecal|stool|sputum|gut\b|wound|abscess|catheter|endovascular|duodenum|conjunctiva|nasal|nasopharyn|oral|saliva|vagina|skin|kidney|pus|cerebrospinal|bronch|infant|neonat|biopsy|swab)
urine	2	clinico_humano	\b(human|homo sapiens|patient|clinical|hospital|blood|urine|feces|faeces|fecal|faecal|stool|sputum|gut\b|wound|abscess|catheter|endovascular|duodenum|conjunctiva|nasal|nasopharyn|oral|saliva|vagina|skin|kidney|pus|cerebrospinal|bronch|infant|neonat|biopsy|swab)
nasal swab	2	clinico_humano	\b(human|homo sapiens|patient|clinical|hospital|blood|urine|feces|faeces|fecal|faecal|stool|sputum|gut\b|wound|abscess|catheter|endovascular|duodenum|conjunctiva|nasal|nasopharyn|oral|saliva|vagina|skin|kidney|pus|cerebrospinal|bronch|infant|neonat|biopsy|swab)
Herd 202	2	animal	\b(animal|cattle|bovine|cow|calf|herd|pig|swine|porcine|chicken|poultry|avian|bird|fish|shrimp|insect|bee|honeybee|mosquito|termite|larva|moth\b|meal moth|spider|rumen|caecum|cecum|excreta|mouse|mice|rat|horse|equine|dog|canine|sheep|ovine|goat|caprine|snail|oyster|coral|sponge|nematode|worm)
Mushroom soup (12h 60 C degree)	1	alimento_industrial	\b(food|milk|buttermilk|cheese|dairy|meat|sausage|fermented|fermentation|kimchi|soy|natto|doenjang|cheonggukjang|bread|dough|soup|beverage|juice|wine|beer|liquor|maotai|daqu|pit mud|vinegar|tea|cocoa|coffee|honey|industrial|factory|probiotic|feed|silage|starter|brine|pickle|enzym|amylase|protease|product|heroin)
geothermal lake	1	agua_sedimento	\b(water|freshwater|marine|sea|ocean|lake|river|creek|stream|sediment|estuar|wastewater|effluent|sewage|sludge|hot spring|spring|pond|lagoon|saline|salt|hypersaline|groundwater|aquifer|glacier|ice|snow|permafrost)
oral swab from a patient with Crohn s disease	1	clinico_humano	\b(human|homo sapiens|patient|clinical|hospital|blood|urine|feces|faeces|fecal|faecal|stool|sputum|gut\b|wound|abscess|catheter|endovascular|duodenum|conjunctiva|nasal|nasopharyn|oral|saliva|vagina|skin|kidney|pus|cerebrospinal|bronch|infant|neonat|biopsy|swab)
Terminalia bellirica leaf	1	planta	\b(plant|root|rhizosphere|leaf|leaves|phyllosphere|seed|endophyt|stem|flower|fruit|apple|tree|maize|corn|wheat|tomato|potato|cotton|tobacco|grass\b|moss|lichen|algae|alga)
milk;soil	1	alimento_industrial	\b(food|milk|buttermilk|cheese|dairy|meat|sausage|fermented|fermentation|kimchi|soy|natto|doenjang|cheonggukjang|bread|dough|soup|beverage|juice|wine|beer|liquor|maotai|daqu|pit mud|vinegar|tea|cocoa|coffee|honey|industrial|factory|probiotic|feed|silage|starter|brine|pickle|enzym|amylase|protease|product|heroin)
soybean paste	1	alimento_industrial	\b(food|milk|buttermilk|cheese|dairy|meat|sausage|fermented|fermentation|kimchi|soy|natto|doenjang|cheonggukjang|bread|dough|soup|beverage|juice|wine|beer|liquor|maotai|daqu|pit mud|vinegar|tea|cocoa|coffee|honey|industrial|factory|probiotic|feed|silage|starter|brine|pickle|enzym|amylase|protease|product|heroin)
rusted steel wire rope	1	sin_clasificar	
mining drainage	1	petreo_arido	\b(rock|stone|granite|marble|limestone|sandstone|basalt|monument|heritage|mural|fresco|painting|building|facade|masonry|cave|desert|arid|dust|mine|mining|mineral|weathered|ruin|sculpture|statue|tomb|temple|amphora|ceramic|pottery|archaeolog)
ENVO:00010483	1	sin_clasificar	
shrimp hemolymph from Caribbean coast	1	animal	\b(animal|cattle|bovine|cow|calf|herd|pig|swine|porcine|chicken|poultry|avian|bird|fish|shrimp|insect|bee|honeybee|mosquito|termite|larva|moth\b|meal moth|spider|rumen|caecum|cecum|excreta|mouse|mice|rat|horse|equine|dog|canine|sheep|ovine|goat|caprine|snail|oyster|coral|sponge|nematode|worm)
Excreta	1	animal	\b(animal|cattle|bovine|cow|calf|herd|pig|swine|porcine|chicken|poultry|avian|bird|fish|shrimp|insect|bee|honeybee|mosquito|termite|larva|moth\b|meal moth|spider|rumen|caecum|cecum|excreta|mouse|mice|rat|horse|equine|dog|canine|sheep|ovine|goat|caprine|snail|oyster|coral|sponge|nematode|worm)
fecal sample	1	clinico_humano	\b(human|homo sapiens|patient|clinical|hospital|blood|urine|feces|faeces|fecal|faecal|stool|sputum|gut\b|wound|abscess|catheter|endovascular|duodenum|conjunctiva|nasal|nasopharyn|oral|saliva|vagina|skin|kidney|pus|cerebrospinal|bronch|infant|neonat|biopsy|swab)
Urine	1	clinico_humano	\b(human|homo sapiens|patient|clinical|hospital|blood|urine|feces|faeces|fecal|faecal|stool|sputum|gut\b|wound|abscess|catheter|endovascular|duodenum|conjunctiva|nasal|nasopharyn|oral|saliva|vagina|skin|kidney|pus|cerebrospinal|bronch|infant|neonat|biopsy|swab)
Doejnang; high-salt fermented food	1	alimento_industrial	\b(food|milk|buttermilk|cheese|dairy|meat|sausage|fermented|fermentation|kimchi|soy|natto|doenjang|cheonggukjang|bread|dough|soup|beverage|juice|wine|beer|liquor|maotai|daqu|pit mud|vinegar|tea|cocoa|coffee|honey|industrial|factory|probiotic|feed|silage|starter|brine|pickle|enzym|amylase|protease|product|heroin)
spacecraft hardware	1	otro_ambiental	\b(environment|air|aerosol|clean ?room|spacecraft|space station|surface|elevator|button|indoor|oil|petroleum|hydrocarbon|contaminat|polluted|biofilm|pipeline|volcan|geothermal|radioactive)
Fermented food	1	alimento_industrial	\b(food|milk|buttermilk|cheese|dairy|meat|sausage|fermented|fermentation|kimchi|soy|natto|doenjang|cheonggukjang|bread|dough|soup|beverage|juice|wine|beer|liquor|maotai|daqu|pit mud|vinegar|tea|cocoa|coffee|honey|industrial|factory|probiotic|feed|silage|starter|brine|pickle|enzym|amylase|protease|product|heroin)
not available: to be reported later	1	desconocido	
Waste water	1	agua_sedimento	\b(water|freshwater|marine|sea|ocean|lake|river|creek|stream|sediment|estuar|wastewater|effluent|sewage|sludge|hot spring|spring|pond|lagoon|saline|salt|hypersaline|groundwater|aquifer|glacier|ice|snow|permafrost)
Chinese Maotai-flavor liquor making process	1	alimento_industrial	\b(food|milk|buttermilk|cheese|dairy|meat|sausage|fermented|fermentation|kimchi|soy|natto|doenjang|cheonggukjang|bread|dough|soup|beverage|juice|wine|beer|liquor|maotai|daqu|pit mud|vinegar|tea|cocoa|coffee|honey|industrial|factory|probiotic|feed|silage|starter|brine|pickle|enzym|amylase|protease|product|heroin)
imperial geyser; near vegetative/sediment and waters edge	1	agua_sedimento	\b(water|freshwater|marine|sea|ocean|lake|river|creek|stream|sediment|estuar|wastewater|effluent|sewage|sludge|hot spring|spring|pond|lagoon|saline|salt|hypersaline|groundwater|aquifer|glacier|ice|snow|permafrost)
Korean adult feces	1	clinico_humano	\b(human|homo sapiens|patient|clinical|hospital|blood|urine|feces|faeces|fecal|faecal|stool|sputum|gut\b|wound|abscess|catheter|endovascular|duodenum|conjunctiva|nasal|nasopharyn|oral|saliva|vagina|skin|kidney|pus|cerebrospinal|bronch|infant|neonat|biopsy|swab)
sheep	1	animal	\b(animal|cattle|bovine|cow|calf|herd|pig|swine|porcine|chicken|poultry|avian|bird|fish|shrimp|insect|bee|honeybee|mosquito|termite|larva|moth\b|meal moth|spider|rumen|caecum|cecum|excreta|mouse|mice|rat|horse|equine|dog|canine|sheep|ovine|goat|caprine|snail|oyster|coral|sponge|nematode|worm)
fecal material [ENVO:00002003]	1	clinico_humano	\b(human|homo sapiens|patient|clinical|hospital|blood|urine|feces|faeces|fecal|faecal|stool|sputum|gut\b|wound|abscess|catheter|endovascular|duodenum|conjunctiva|nasal|nasopharyn|oral|saliva|vagina|skin|kidney|pus|cerebrospinal|bronch|infant|neonat|biopsy|swab)
cheonggukjang	1	alimento_industrial	\b(food|milk|buttermilk|cheese|dairy|meat|sausage|fermented|fermentation|kimchi|soy|natto|doenjang|cheonggukjang|bread|dough|soup|beverage|juice|wine|beer|liquor|maotai|daqu|pit mud|vinegar|tea|cocoa|coffee|honey|industrial|factory|probiotic|feed|silage|starter|brine|pickle|enzym|amylase|protease|product|heroin)
human gut	1	clinico_humano	\b(human|homo sapiens|patient|clinical|hospital|blood|urine|feces|faeces|fecal|faecal|stool|sputum|gut\b|wound|abscess|catheter|endovascular|duodenum|conjunctiva|nasal|nasopharyn|oral|saliva|vagina|skin|kidney|pus|cerebrospinal|bronch|infant|neonat|biopsy|swab)
Buttermilk powder	1	alimento_industrial	\b(food|milk|buttermilk|cheese|dairy|meat|sausage|fermented|fermentation|kimchi|soy|natto|doenjang|cheonggukjang|bread|dough|soup|beverage|juice|wine|beer|liquor|maotai|daqu|pit mud|vinegar|tea|cocoa|coffee|honey|industrial|factory|probiotic|feed|silage|starter|brine|pickle|enzym|amylase|protease|product|heroin)
seawater	1	agua_sedimento	\b(water|freshwater|marine|sea|ocean|lake|river|creek|stream|sediment|estuar|wastewater|effluent|sewage|sludge|hot spring|spring|pond|lagoon|saline|salt|hypersaline|groundwater|aquifer|glacier|ice|snow|permafrost)
Doenjang	1	alimento_industrial	\b(food|milk|buttermilk|cheese|dairy|meat|sausage|fermented|fermentation|kimchi|soy|natto|doenjang|cheonggukjang|bread|dough|soup|beverage|juice|wine|beer|liquor|maotai|daqu|pit mud|vinegar|tea|cocoa|coffee|honey|industrial|factory|probiotic|feed|silage|starter|brine|pickle|enzym|amylase|protease|product|heroin)
root nodules	1	planta	\b(plant|root|rhizosphere|leaf|leaves|phyllosphere|seed|endophyt|stem|flower|fruit|apple|tree|maize|corn|wheat|tomato|potato|cotton|tobacco|grass\b|moss|lichen|algae|alga)
Maotai Daqu	1	alimento_industrial	\b(food|milk|buttermilk|cheese|dairy|meat|sausage|fermented|fermentation|kimchi|soy|natto|doenjang|cheonggukjang|bread|dough|soup|beverage|juice|wine|beer|liquor|maotai|daqu|pit mud|vinegar|tea|cocoa|coffee|honey|industrial|factory|probiotic|feed|silage|starter|brine|pickle|enzym|amylase|protease|product|heroin)
plant leaf	1	planta	\b(plant|root|rhizosphere|leaf|leaves|phyllosphere|seed|endophyt|stem|flower|fruit|apple|tree|maize|corn|wheat|tomato|potato|cotton|tobacco|grass\b|moss|lichen|algae|alga)
soil from Yingcheng Salt Mine	1	petreo_arido	\b(rock|stone|granite|marble|limestone|sandstone|basalt|monument|heritage|mural|fresco|painting|building|facade|masonry|cave|desert|arid|dust|mine|mining|mineral|weathered|ruin|sculpture|statue|tomb|temple|amphora|ceramic|pottery|archaeolog)
Manure compost	1	suelo	\b(soil|compost|biocompost|manure|humus|peat|farmland|arable|field|agricultural|greenhouse|plastic house|forest|garden|sand)
dairy environment	1	alimento_industrial	\b(food|milk|buttermilk|cheese|dairy|meat|sausage|fermented|fermentation|kimchi|soy|natto|doenjang|cheonggukjang|bread|dough|soup|beverage|juice|wine|beer|liquor|maotai|daqu|pit mud|vinegar|tea|cocoa|coffee|honey|industrial|factory|probiotic|feed|silage|starter|brine|pickle|enzym|amylase|protease|product|heroin)
High-salt fermented soybean	1	alimento_industrial	\b(food|milk|buttermilk|cheese|dairy|meat|sausage|fermented|fermentation|kimchi|soy|natto|doenjang|cheonggukjang|bread|dough|soup|beverage|juice|wine|beer|liquor|maotai|daqu|pit mud|vinegar|tea|cocoa|coffee|honey|industrial|factory|probiotic|feed|silage|starter|brine|pickle|enzym|amylase|protease|product|heroin)
biocompost	1	suelo	\b(soil|compost|biocompost|manure|humus|peat|farmland|arable|field|agricultural|greenhouse|plastic house|forest|garden|sand)
sewage water	1	agua_sedimento	\b(water|freshwater|marine|sea|ocean|lake|river|creek|stream|sediment|estuar|wastewater|effluent|sewage|sludge|hot spring|spring|pond|lagoon|saline|salt|hypersaline|groundwater|aquifer|glacier|ice|snow|permafrost)
purple soil of Beibei District	1	suelo	\b(soil|compost|biocompost|manure|humus|peat|farmland|arable|field|agricultural|greenhouse|plastic house|forest|garden|sand)
adult feces	1	clinico_humano	\b(human|homo sapiens|patient|clinical|hospital|blood|urine|feces|faeces|fecal|faecal|stool|sputum|gut\b|wound|abscess|catheter|endovascular|duodenum|conjunctiva|nasal|nasopharyn|oral|saliva|vagina|skin|kidney|pus|cerebrospinal|bronch|infant|neonat|biopsy|swab)
Raw milk	1	alimento_industrial	\b(food|milk|buttermilk|cheese|dairy|meat|sausage|fermented|fermentation|kimchi|soy|natto|doenjang|cheonggukjang|bread|dough|soup|beverage|juice|wine|beer|liquor|maotai|daqu|pit mud|vinegar|tea|cocoa|coffee|honey|industrial|factory|probiotic|feed|silage|starter|brine|pickle|enzym|amylase|protease|product|heroin)
ileum	1	sin_clasificar	
desert sand	1	petreo_arido	\b(rock|stone|granite|marble|limestone|sandstone|basalt|monument|heritage|mural|fresco|painting|building|facade|masonry|cave|desert|arid|dust|mine|mining|mineral|weathered|ruin|sculpture|statue|tomb|temple|amphora|ceramic|pottery|archaeolog)
silt	1	sin_clasificar	
Cultivated from CCT190562S ATCC 14581	1	desconocido	\b(atcc|dsm|culture collection|cultivated from|cell culture|laboratory)
thermal water	1	agua_sedimento	\b(water|freshwater|marine|sea|ocean|lake|river|creek|stream|sediment|estuar|wastewater|effluent|sewage|sludge|hot spring|spring|pond|lagoon|saline|salt|hypersaline|groundwater|aquifer|glacier|ice|snow|permafrost)
Honey	1	alimento_industrial	\b(food|milk|buttermilk|cheese|dairy|meat|sausage|fermented|fermentation|kimchi|soy|natto|doenjang|cheonggukjang|bread|dough|soup|beverage|juice|wine|beer|liquor|maotai|daqu|pit mud|vinegar|tea|cocoa|coffee|honey|industrial|factory|probiotic|feed|silage|starter|brine|pickle|enzym|amylase|protease|product|heroin)
Mouse faeces	1	animal	\b(animal|cattle|bovine|cow|calf|herd|pig|swine|porcine|chicken|poultry|avian|bird|fish|shrimp|insect|bee|honeybee|mosquito|termite|larva|moth\b|meal moth|spider|rumen|caecum|cecum|excreta|mouse|mice|rat|horse|equine|dog|canine|sheep|ovine|goat|caprine|snail|oyster|coral|sponge|nematode|worm)
diesel contaminated soil	1	suelo	\b(soil|compost|biocompost|manure|humus|peat|farmland|arable|field|agricultural|greenhouse|plastic house|forest|garden|sand)
amphitheater springs near vegetative/sediment and waters edge	1	agua_sedimento	\b(water|freshwater|marine|sea|ocean|lake|river|creek|stream|sediment|estuar|wastewater|effluent|sewage|sludge|hot spring|spring|pond|lagoon|saline|salt|hypersaline|groundwater|aquifer|glacier|ice|snow|permafrost)
alpine spring water	1	agua_sedimento	\b(water|freshwater|marine|sea|ocean|lake|river|creek|stream|sediment|estuar|wastewater|effluent|sewage|sludge|hot spring|spring|pond|lagoon|saline|salt|hypersaline|groundwater|aquifer|glacier|ice|snow|permafrost)
grape leaf	1	planta	\b(plant|root|rhizosphere|leaf|leaves|phyllosphere|seed|endophyt|stem|flower|fruit|apple|tree|maize|corn|wheat|tomato|potato|cotton|tobacco|grass\b|moss|lichen|algae|alga)
Crude salt from Camalti Saltern	1	agua_sedimento	\b(water|freshwater|marine|sea|ocean|lake|river|creek|stream|sediment|estuar|wastewater|effluent|sewage|sludge|hot spring|spring|pond|lagoon|saline|salt|hypersaline|groundwater|aquifer|glacier|ice|snow|permafrost)
tea	1	alimento_industrial	\b(food|milk|buttermilk|cheese|dairy|meat|sausage|fermented|fermentation|kimchi|soy|natto|doenjang|cheonggukjang|bread|dough|soup|beverage|juice|wine|beer|liquor|maotai|daqu|pit mud|vinegar|tea|cocoa|coffee|honey|industrial|factory|probiotic|feed|silage|starter|brine|pickle|enzym|amylase|protease|product|heroin)
spice	1	sin_clasificar	
gut content	1	clinico_humano	\b(human|homo sapiens|patient|clinical|hospital|blood|urine|feces|faeces|fecal|faecal|stool|sputum|gut\b|wound|abscess|catheter|endovascular|duodenum|conjunctiva|nasal|nasopharyn|oral|saliva|vagina|skin|kidney|pus|cerebrospinal|bronch|infant|neonat|biopsy|swab)
leaves	1	planta	\b(plant|root|rhizosphere|leaf|leaves|phyllosphere|seed|endophyt|stem|flower|fruit|apple|tree|maize|corn|wheat|tomato|potato|cotton|tobacco|grass\b|moss|lichen|algae|alga)
Integrated Science Center elevator button	1	otro_ambiental	\b(environment|air|aerosol|clean ?room|spacecraft|space station|surface|elevator|button|indoor|oil|petroleum|hydrocarbon|contaminat|polluted|biofilm|pipeline|volcan|geothermal|radioactive)
Pea soup (8h 40 C degree)	1	alimento_industrial	\b(food|milk|buttermilk|cheese|dairy|meat|sausage|fermented|fermentation|kimchi|soy|natto|doenjang|cheonggukjang|bread|dough|soup|beverage|juice|wine|beer|liquor|maotai|daqu|pit mud|vinegar|tea|cocoa|coffee|honey|industrial|factory|probiotic|feed|silage|starter|brine|pickle|enzym|amylase|protease|product|heroin)
macroalgae	1	sin_clasificar	
Indian meal moth	1	animal	\b(animal|cattle|bovine|cow|calf|herd|pig|swine|porcine|chicken|poultry|avian|bird|fish|shrimp|insect|bee|honeybee|mosquito|termite|larva|moth\b|meal moth|spider|rumen|caecum|cecum|excreta|mouse|mice|rat|horse|equine|dog|canine|sheep|ovine|goat|caprine|snail|oyster|coral|sponge|nematode|worm)
Compost	1	suelo	\b(soil|compost|biocompost|manure|humus|peat|farmland|arable|field|agricultural|greenhouse|plastic house|forest|garden|sand)
cell culture	1	desconocido	\b(atcc|dsm|culture collection|cultivated from|cell culture|laboratory)
Soil for garbage dump	1	suelo	\b(soil|compost|biocompost|manure|humus|peat|farmland|arable|field|agricultural|greenhouse|plastic house|forest|garden|sand)
leaf samples	1	planta	\b(plant|root|rhizosphere|leaf|leaves|phyllosphere|seed|endophyt|stem|flower|fruit|apple|tree|maize|corn|wheat|tomato|potato|cotton|tobacco|grass\b|moss|lichen|algae|alga)
grapevine phylloplane	1	sin_clasificar	
mining residue	1	petreo_arido	\b(rock|stone|granite|marble|limestone|sandstone|basalt|monument|heritage|mural|fresco|painting|building|facade|masonry|cave|desert|arid|dust|mine|mining|mineral|weathered|ruin|sculpture|statue|tomb|temple|amphora|ceramic|pottery|archaeolog)
Pit mud	1	alimento_industrial	\b(food|milk|buttermilk|cheese|dairy|meat|sausage|fermented|fermentation|kimchi|soy|natto|doenjang|cheonggukjang|bread|dough|soup|beverage|juice|wine|beer|liquor|maotai|daqu|pit mud|vinegar|tea|cocoa|coffee|honey|industrial|factory|probiotic|feed|silage|starter|brine|pickle|enzym|amylase|protease|product|heroin)
Soil samples of chilli in Haidian Harbor Garden; Haikou city; Hainan Province; China	1	suelo	\b(soil|compost|biocompost|manure|humus|peat|farmland|arable|field|agricultural|greenhouse|plastic house|forest|garden|sand)
submerged soil sample from rice field	1	suelo	\b(soil|compost|biocompost|manure|humus|peat|farmland|arable|field|agricultural|greenhouse|plastic house|forest|garden|sand)
Subtidal Marine Sponge	1	animal	\b(animal|cattle|bovine|cow|calf|herd|pig|swine|porcine|chicken|poultry|avian|bird|fish|shrimp|insect|bee|honeybee|mosquito|termite|larva|moth\b|meal moth|spider|rumen|caecum|cecum|excreta|mouse|mice|rat|horse|equine|dog|canine|sheep|ovine|goat|caprine|snail|oyster|coral|sponge|nematode|worm)
rhizosphere	1	planta	\b(plant|root|rhizosphere|leaf|leaves|phyllosphere|seed|endophyt|stem|flower|fruit|apple|tree|maize|corn|wheat|tomato|potato|cotton|tobacco|grass\b|moss|lichen|algae|alga)
fish gut	1	animal	\b(animal|cattle|bovine|cow|calf|herd|pig|swine|porcine|chicken|poultry|avian|bird|fish|shrimp|insect|bee|honeybee|mosquito|termite|larva|moth\b|meal moth|spider|rumen|caecum|cecum|excreta|mouse|mice|rat|horse|equine|dog|canine|sheep|ovine|goat|caprine|snail|oyster|coral|sponge|nematode|worm)
lake sediments	1	agua_sedimento	\b(water|freshwater|marine|sea|ocean|lake|river|creek|stream|sediment|estuar|wastewater|effluent|sewage|sludge|hot spring|spring|pond|lagoon|saline|salt|hypersaline|groundwater|aquifer|glacier|ice|snow|permafrost)
saliva	1	clinico_humano	\b(human|homo sapiens|patient|clinical|hospital|blood|urine|feces|faeces|fecal|faecal|stool|sputum|gut\b|wound|abscess|catheter|endovascular|duodenum|conjunctiva|nasal|nasopharyn|oral|saliva|vagina|skin|kidney|pus|cerebrospinal|bronch|infant|neonat|biopsy|swab)
potato plant	1	planta	\b(plant|root|rhizosphere|leaf|leaves|phyllosphere|seed|endophyt|stem|flower|fruit|apple|tree|maize|corn|wheat|tomato|potato|cotton|tobacco|grass\b|moss|lichen|algae|alga)
wood borer insect	1	animal	\b(animal|cattle|bovine|cow|calf|herd|pig|swine|porcine|chicken|poultry|avian|bird|fish|shrimp|insect|bee|honeybee|mosquito|termite|larva|moth\b|meal moth|spider|rumen|caecum|cecum|excreta|mouse|mice|rat|horse|equine|dog|canine|sheep|ovine|goat|caprine|snail|oyster|coral|sponge|nematode|worm)
Plastic house	1	suelo	\b(soil|compost|biocompost|manure|humus|peat|farmland|arable|field|agricultural|greenhouse|plastic house|forest|garden|sand)
peat soil samples	1	suelo	\b(soil|compost|biocompost|manure|humus|peat|farmland|arable|field|agricultural|greenhouse|plastic house|forest|garden|sand)
refinery	1	sin_clasificar	
stem from dragon fruit tree	1	planta	\b(plant|root|rhizosphere|leaf|leaves|phyllosphere|seed|endophyt|stem|flower|fruit|apple|tree|maize|corn|wheat|tomato|potato|cotton|tobacco|grass\b|moss|lichen|algae|alga)
marine sediments collected at 5;500m deep	1	agua_sedimento	\b(water|freshwater|marine|sea|ocean|lake|river|creek|stream|sediment|estuar|wastewater|effluent|sewage|sludge|hot spring|spring|pond|lagoon|saline|salt|hypersaline|groundwater|aquifer|glacier|ice|snow|permafrost)
http://purl.obolibrary.org/obo/FOODON_0 0001055	1	alimento_industrial	\b(food|milk|buttermilk|cheese|dairy|meat|sausage|fermented|fermentation|kimchi|soy|natto|doenjang|cheonggukjang|bread|dough|soup|beverage|juice|wine|beer|liquor|maotai|daqu|pit mud|vinegar|tea|cocoa|coffee|honey|industrial|factory|probiotic|feed|silage|starter|brine|pickle|enzym|amylase|protease|product|heroin)
Urban environment	1	otro_ambiental	\b(environment|air|aerosol|clean ?room|spacecraft|space station|surface|elevator|button|indoor|oil|petroleum|hydrocarbon|contaminat|polluted|biofilm|pipeline|volcan|geothermal|radioactive)
health products	1	alimento_industrial	\b(food|milk|buttermilk|cheese|dairy|meat|sausage|fermented|fermentation|kimchi|soy|natto|doenjang|cheonggukjang|bread|dough|soup|beverage|juice|wine|beer|liquor|maotai|daqu|pit mud|vinegar|tea|cocoa|coffee|honey|industrial|factory|probiotic|feed|silage|starter|brine|pickle|enzym|amylase|protease|product|heroin)
Lycium barbarum rhizosphere soil	1	planta	\b(plant|root|rhizosphere|leaf|leaves|phyllosphere|seed|endophyt|stem|flower|fruit|apple|tree|maize|corn|wheat|tomato|potato|cotton|tobacco|grass\b|moss|lichen|algae|alga)
Soil in tiger area of zoo	1	suelo	\b(soil|compost|biocompost|manure|humus|peat|farmland|arable|field|agricultural|greenhouse|plastic house|forest|garden|sand)
man-made lake 220 cm below water surface	1	agua_sedimento	\b(water|freshwater|marine|sea|ocean|lake|river|creek|stream|sediment|estuar|wastewater|effluent|sewage|sludge|hot spring|spring|pond|lagoon|saline|salt|hypersaline|groundwater|aquifer|glacier|ice|snow|permafrost)
diseased muskmelon fruit	1	planta	\b(plant|root|rhizosphere|leaf|leaves|phyllosphere|seed|endophyt|stem|flower|fruit|apple|tree|maize|corn|wheat|tomato|potato|cotton|tobacco|grass\b|moss|lichen|algae|alga)
hot spring	1	agua_sedimento	\b(water|freshwater|marine|sea|ocean|lake|river|creek|stream|sediment|estuar|wastewater|effluent|sewage|sludge|hot spring|spring|pond|lagoon|saline|salt|hypersaline|groundwater|aquifer|glacier|ice|snow|permafrost)
TNT red soil	1	suelo	\b(soil|compost|biocompost|manure|humus|peat|farmland|arable|field|agricultural|greenhouse|plastic house|forest|garden|sand)
Pear tree	1	planta	\b(plant|root|rhizosphere|leaf|leaves|phyllosphere|seed|endophyt|stem|flower|fruit|apple|tree|maize|corn|wheat|tomato|potato|cotton|tobacco|grass\b|moss|lichen|algae|alga)
distribution water from treated drinking water production facilities	1	alimento_industrial	\b(food|milk|buttermilk|cheese|dairy|meat|sausage|fermented|fermentation|kimchi|soy|natto|doenjang|cheonggukjang|bread|dough|soup|beverage|juice|wine|beer|liquor|maotai|daqu|pit mud|vinegar|tea|cocoa|coffee|honey|industrial|factory|probiotic|feed|silage|starter|brine|pickle|enzym|amylase|protease|product|heroin)
sugar beet rhizoshpere	1	animal	\b(animal|cattle|bovine|cow|calf|herd|pig|swine|porcine|chicken|poultry|avian|bird|fish|shrimp|insect|bee|honeybee|mosquito|termite|larva|moth\b|meal moth|spider|rumen|caecum|cecum|excreta|mouse|mice|rat|horse|equine|dog|canine|sheep|ovine|goat|caprine|snail|oyster|coral|sponge|nematode|worm)
plant	1	planta	\b(plant|root|rhizosphere|leaf|leaves|phyllosphere|seed|endophyt|stem|flower|fruit|apple|tree|maize|corn|wheat|tomato|potato|cotton|tobacco|grass\b|moss|lichen|algae|alga)
paddy rhizosphere	1	planta	\b(plant|root|rhizosphere|leaf|leaves|phyllosphere|seed|endophyt|stem|flower|fruit|apple|tree|maize|corn|wheat|tomato|potato|cotton|tobacco|grass\b|moss|lichen|algae|alga)
cereals; cereal products; fermented breads; pasta and pastries	1	alimento_industrial	\b(food|milk|buttermilk|cheese|dairy|meat|sausage|fermented|fermentation|kimchi|soy|natto|doenjang|cheonggukjang|bread|dough|soup|beverage|juice|wine|beer|liquor|maotai|daqu|pit mud|vinegar|tea|cocoa|coffee|honey|industrial|factory|probiotic|feed|silage|starter|brine|pickle|enzym|amylase|protease|product|heroin)
ENVO:01001176	1	sin_clasificar	
jute-retting water	1	agua_sedimento	\b(water|freshwater|marine|sea|ocean|lake|river|creek|stream|sediment|estuar|wastewater|effluent|sewage|sludge|hot spring|spring|pond|lagoon|saline|salt|hypersaline|groundwater|aquifer|glacier|ice|snow|permafrost)
phylloplane	1	sin_clasificar	
rice rhizosphere soil	1	planta	\b(plant|root|rhizosphere|leaf|leaves|phyllosphere|seed|endophyt|stem|flower|fruit|apple|tree|maize|corn|wheat|tomato|potato|cotton|tobacco|grass\b|moss|lichen|algae|alga)
seed of Verticillium wilt-resistant Gossypium hirsutum cultivar  Zhongzhimian No. 2	1	planta	\b(plant|root|rhizosphere|leaf|leaves|phyllosphere|seed|endophyt|stem|flower|fruit|apple|tree|maize|corn|wheat|tomato|potato|cotton|tobacco|grass\b|moss|lichen|algae|alga)
internal stem tissue	1	planta	\b(plant|root|rhizosphere|leaf|leaves|phyllosphere|seed|endophyt|stem|flower|fruit|apple|tree|maize|corn|wheat|tomato|potato|cotton|tobacco|grass\b|moss|lichen|algae|alga)
rot potato tubers	1	planta	\b(plant|root|rhizosphere|leaf|leaves|phyllosphere|seed|endophyt|stem|flower|fruit|apple|tree|maize|corn|wheat|tomato|potato|cotton|tobacco|grass\b|moss|lichen|algae|alga)
caecum	1	animal	\b(animal|cattle|bovine|cow|calf|herd|pig|swine|porcine|chicken|poultry|avian|bird|fish|shrimp|insect|bee|honeybee|mosquito|termite|larva|moth\b|meal moth|spider|rumen|caecum|cecum|excreta|mouse|mice|rat|horse|equine|dog|canine|sheep|ovine|goat|caprine|snail|oyster|coral|sponge|nematode|worm)
Water sample and microbial mat on an anthropogenic pipe from caldera Uzon	1	agua_sedimento	\b(water|freshwater|marine|sea|ocean|lake|river|creek|stream|sediment|estuar|wastewater|effluent|sewage|sludge|hot spring|spring|pond|lagoon|saline|salt|hypersaline|groundwater|aquifer|glacier|ice|snow|permafrost)
Rice plant with soil	1	planta	\b(plant|root|rhizosphere|leaf|leaves|phyllosphere|seed|endophyt|stem|flower|fruit|apple|tree|maize|corn|wheat|tomato|potato|cotton|tobacco|grass\b|moss|lichen|algae|alga)
canine ocular discharge	1	animal	\b(animal|cattle|bovine|cow|calf|herd|pig|swine|porcine|chicken|poultry|avian|bird|fish|shrimp|insect|bee|honeybee|mosquito|termite|larva|moth\b|meal moth|spider|rumen|caecum|cecum|excreta|mouse|mice|rat|horse|equine|dog|canine|sheep|ovine|goat|caprine|snail|oyster|coral|sponge|nematode|worm)
Dry seeds	1	planta	\b(plant|root|rhizosphere|leaf|leaves|phyllosphere|seed|endophyt|stem|flower|fruit|apple|tree|maize|corn|wheat|tomato|potato|cotton|tobacco|grass\b|moss|lichen|algae|alga)
sediments	1	agua_sedimento	\b(water|freshwater|marine|sea|ocean|lake|river|creek|stream|sediment|estuar|wastewater|effluent|sewage|sludge|hot spring|spring|pond|lagoon|saline|salt|hypersaline|groundwater|aquifer|glacier|ice|snow|permafrost)
stem	1	planta	\b(plant|root|rhizosphere|leaf|leaves|phyllosphere|seed|endophyt|stem|flower|fruit|apple|tree|maize|corn|wheat|tomato|potato|cotton|tobacco|grass\b|moss|lichen|algae|alga)
Hot spring microbial mat	1	agua_sedimento	\b(water|freshwater|marine|sea|ocean|lake|river|creek|stream|sediment|estuar|wastewater|effluent|sewage|sludge|hot spring|spring|pond|lagoon|saline|salt|hypersaline|groundwater|aquifer|glacier|ice|snow|permafrost)
rhizosphere of rice from organic rice farming	1	planta	\b(plant|root|rhizosphere|leaf|leaves|phyllosphere|seed|endophyt|stem|flower|fruit|apple|tree|maize|corn|wheat|tomato|potato|cotton|tobacco|grass\b|moss|lichen|algae|alga)
cleanroom facility; TAS-I	1	otro_ambiental	\b(environment|air|aerosol|clean ?room|spacecraft|space station|surface|elevator|button|indoor|oil|petroleum|hydrocarbon|contaminat|polluted|biofilm|pipeline|volcan|geothermal|radioactive)
raw gallnut honey	1	alimento_industrial	\b(food|milk|buttermilk|cheese|dairy|meat|sausage|fermented|fermentation|kimchi|soy|natto|doenjang|cheonggukjang|bread|dough|soup|beverage|juice|wine|beer|liquor|maotai|daqu|pit mud|vinegar|tea|cocoa|coffee|honey|industrial|factory|probiotic|feed|silage|starter|brine|pickle|enzym|amylase|protease|product|heroin)
Fertile soil	1	suelo	\b(soil|compost|biocompost|manure|humus|peat|farmland|arable|field|agricultural|greenhouse|plastic house|forest|garden|sand)
marine surface water	1	agua_sedimento	\b(water|freshwater|marine|sea|ocean|lake|river|creek|stream|sediment|estuar|wastewater|effluent|sewage|sludge|hot spring|spring|pond|lagoon|saline|salt|hypersaline|groundwater|aquifer|glacier|ice|snow|permafrost)
cryogenic tubes used for collecting air samples from high altitudes	1	otro_ambiental	\b(environment|air|aerosol|clean ?room|spacecraft|space station|surface|elevator|button|indoor|oil|petroleum|hydrocarbon|contaminat|polluted|biofilm|pipeline|volcan|geothermal|radioactive)
ginseng with high-pressure treatment	1	sin_clasificar	
mangrove soil	1	suelo	\b(soil|compost|biocompost|manure|humus|peat|farmland|arable|field|agricultural|greenhouse|plastic house|forest|garden|sand)
marine	1	agua_sedimento	\b(water|freshwater|marine|sea|ocean|lake|river|creek|stream|sediment|estuar|wastewater|effluent|sewage|sludge|hot spring|spring|pond|lagoon|saline|salt|hypersaline|groundwater|aquifer|glacier|ice|snow|permafrost)
sludge	1	agua_sedimento	\b(water|freshwater|marine|sea|ocean|lake|river|creek|stream|sediment|estuar|wastewater|effluent|sewage|sludge|hot spring|spring|pond|lagoon|saline|salt|hypersaline|groundwater|aquifer|glacier|ice|snow|permafrost)
snow	1	agua_sedimento	\b(water|freshwater|marine|sea|ocean|lake|river|creek|stream|sediment|estuar|wastewater|effluent|sewage|sludge|hot spring|spring|pond|lagoon|saline|salt|hypersaline|groundwater|aquifer|glacier|ice|snow|permafrost)
core	1	sin_clasificar	
soil from tomato plants	1	planta	\b(plant|root|rhizosphere|leaf|leaves|phyllosphere|seed|endophyt|stem|flower|fruit|apple|tree|maize|corn|wheat|tomato|potato|cotton|tobacco|grass\b|moss|lichen|algae|alga)
sea coast [ENVO:00000303]|shoreline [ENVO:00000486]	1	agua_sedimento	\b(water|freshwater|marine|sea|ocean|lake|river|creek|stream|sediment|estuar|wastewater|effluent|sewage|sludge|hot spring|spring|pond|lagoon|saline|salt|hypersaline|groundwater|aquifer|glacier|ice|snow|permafrost)
regolith	1	sin_clasificar	
Dandelian soil	1	suelo	\b(soil|compost|biocompost|manure|humus|peat|farmland|arable|field|agricultural|greenhouse|plastic house|forest|garden|sand)
Alar crease Swab	1	clinico_humano	\b(human|homo sapiens|patient|clinical|hospital|blood|urine|feces|faeces|fecal|faecal|stool|sputum|gut\b|wound|abscess|catheter|endovascular|duodenum|conjunctiva|nasal|nasopharyn|oral|saliva|vagina|skin|kidney|pus|cerebrospinal|bronch|infant|neonat|biopsy|swab)
arable land	1	suelo	\b(soil|compost|biocompost|manure|humus|peat|farmland|arable|field|agricultural|greenhouse|plastic house|forest|garden|sand)
chicken manure	1	animal	\b(animal|cattle|bovine|cow|calf|herd|pig|swine|porcine|chicken|poultry|avian|bird|fish|shrimp|insect|bee|honeybee|mosquito|termite|larva|moth\b|meal moth|spider|rumen|caecum|cecum|excreta|mouse|mice|rat|horse|equine|dog|canine|sheep|ovine|goat|caprine|snail|oyster|coral|sponge|nematode|worm)
frozen soil [ENVO_01001526]|leafy wood soil [ENVO_00005783]	1	planta	\b(plant|root|rhizosphere|leaf|leaves|phyllosphere|seed|endophyt|stem|flower|fruit|apple|tree|maize|corn|wheat|tomato|potato|cotton|tobacco|grass\b|moss|lichen|algae|alga)
Roman amphora	1	petreo_arido	\b(rock|stone|granite|marble|limestone|sandstone|basalt|monument|heritage|mural|fresco|painting|building|facade|masonry|cave|desert|arid|dust|mine|mining|mineral|weathered|ruin|sculpture|statue|tomb|temple|amphora|ceramic|pottery|archaeolog)
Rotting apple	1	planta	\b(plant|root|rhizosphere|leaf|leaves|phyllosphere|seed|endophyt|stem|flower|fruit|apple|tree|maize|corn|wheat|tomato|potato|cotton|tobacco|grass\b|moss|lichen|algae|alga)
medicinal plant	1	planta	\b(plant|root|rhizosphere|leaf|leaves|phyllosphere|seed|endophyt|stem|flower|fruit|apple|tree|maize|corn|wheat|tomato|potato|cotton|tobacco|grass\b|moss|lichen|algae|alga)
Three year continuous cropping of potato root	1	planta	\b(plant|root|rhizosphere|leaf|leaves|phyllosphere|seed|endophyt|stem|flower|fruit|apple|tree|maize|corn|wheat|tomato|potato|cotton|tobacco|grass\b|moss|lichen|algae|alga)
kefir	1	sin_clasificar	
potato rhizosphere	1	planta	\b(plant|root|rhizosphere|leaf|leaves|phyllosphere|seed|endophyt|stem|flower|fruit|apple|tree|maize|corn|wheat|tomato|potato|cotton|tobacco|grass\b|moss|lichen|algae|alga)
stomach	1	sin_clasificar	
the condensate water of the Shenzhou-9 spacecraft	1	agua_sedimento	\b(water|freshwater|marine|sea|ocean|lake|river|creek|stream|sediment|estuar|wastewater|effluent|sewage|sludge|hot spring|spring|pond|lagoon|saline|salt|hypersaline|groundwater|aquifer|glacier|ice|snow|permafrost)
chicken fecal	1	animal	\b(animal|cattle|bovine|cow|calf|herd|pig|swine|porcine|chicken|poultry|avian|bird|fish|shrimp|insect|bee|honeybee|mosquito|termite|larva|moth\b|meal moth|spider|rumen|caecum|cecum|excreta|mouse|mice|rat|horse|equine|dog|canine|sheep|ovine|goat|caprine|snail|oyster|coral|sponge|nematode|worm)
Conjunctiva	1	clinico_humano	\b(human|homo sapiens|patient|clinical|hospital|blood|urine|feces|faeces|fecal|faecal|stool|sputum|gut\b|wound|abscess|catheter|endovascular|duodenum|conjunctiva|nasal|nasopharyn|oral|saliva|vagina|skin|kidney|pus|cerebrospinal|bronch|infant|neonat|biopsy|swab)
Isolated as endophyte from capsules of field grown Papaver somniferum plants of cv. Sampada	1	planta	\b(plant|root|rhizosphere|leaf|leaves|phyllosphere|seed|endophyt|stem|flower|fruit|apple|tree|maize|corn|wheat|tomato|potato|cotton|tobacco|grass\b|moss|lichen|algae|alga)
Freshwater creek	1	agua_sedimento	\b(water|freshwater|marine|sea|ocean|lake|river|creek|stream|sediment|estuar|wastewater|effluent|sewage|sludge|hot spring|spring|pond|lagoon|saline|salt|hypersaline|groundwater|aquifer|glacier|ice|snow|permafrost)
marine mud	1	agua_sedimento	\b(water|freshwater|marine|sea|ocean|lake|river|creek|stream|sediment|estuar|wastewater|effluent|sewage|sludge|hot spring|spring|pond|lagoon|saline|salt|hypersaline|groundwater|aquifer|glacier|ice|snow|permafrost)
sputum	1	clinico_humano	\b(human|homo sapiens|patient|clinical|hospital|blood|urine|feces|faeces|fecal|faecal|stool|sputum|gut\b|wound|abscess|catheter|endovascular|duodenum|conjunctiva|nasal|nasopharyn|oral|saliva|vagina|skin|kidney|pus|cerebrospinal|bronch|infant|neonat|biopsy|swab)
lake	1	agua_sedimento	\b(water|freshwater|marine|sea|ocean|lake|river|creek|stream|sediment|estuar|wastewater|effluent|sewage|sludge|hot spring|spring|pond|lagoon|saline|salt|hypersaline|groundwater|aquifer|glacier|ice|snow|permafrost)
Environment	1	otro_ambiental	\b(environment|air|aerosol|clean ?room|spacecraft|space station|surface|elevator|button|indoor|oil|petroleum|hydrocarbon|contaminat|polluted|biofilm|pipeline|volcan|geothermal|radioactive)
Chinese spacecraft Shenzhou X	1	otro_ambiental	\b(environment|air|aerosol|clean ?room|spacecraft|space station|surface|elevator|button|indoor|oil|petroleum|hydrocarbon|contaminat|polluted|biofilm|pipeline|volcan|geothermal|radioactive)
estuarine mud [ENVO:00002160]	1	agua_sedimento	\b(water|freshwater|marine|sea|ocean|lake|river|creek|stream|sediment|estuar|wastewater|effluent|sewage|sludge|hot spring|spring|pond|lagoon|saline|salt|hypersaline|groundwater|aquifer|glacier|ice|snow|permafrost)
kimchi	1	alimento_industrial	\b(food|milk|buttermilk|cheese|dairy|meat|sausage|fermented|fermentation|kimchi|soy|natto|doenjang|cheonggukjang|bread|dough|soup|beverage|juice|wine|beer|liquor|maotai|daqu|pit mud|vinegar|tea|cocoa|coffee|honey|industrial|factory|probiotic|feed|silage|starter|brine|pickle|enzym|amylase|protease|product|heroin)
local geographical source	1	sin_clasificar	
Duodenum	1	clinico_humano	\b(human|homo sapiens|patient|clinical|hospital|blood|urine|feces|faeces|fecal|faecal|stool|sputum|gut\b|wound|abscess|catheter|endovascular|duodenum|conjunctiva|nasal|nasopharyn|oral|saliva|vagina|skin|kidney|pus|cerebrospinal|bronch|infant|neonat|biopsy|swab)
sediment sample	1	agua_sedimento	\b(water|freshwater|marine|sea|ocean|lake|river|creek|stream|sediment|estuar|wastewater|effluent|sewage|sludge|hot spring|spring|pond|lagoon|saline|salt|hypersaline|groundwater|aquifer|glacier|ice|snow|permafrost)
Maari	1	sin_clasificar	
Herd 220	1	animal	\b(animal|cattle|bovine|cow|calf|herd|pig|swine|porcine|chicken|poultry|avian|bird|fish|shrimp|insect|bee|honeybee|mosquito|termite|larva|moth\b|meal moth|spider|rumen|caecum|cecum|excreta|mouse|mice|rat|horse|equine|dog|canine|sheep|ovine|goat|caprine|snail|oyster|coral|sponge|nematode|worm)
Herd 408	1	animal	\b(animal|cattle|bovine|cow|calf|herd|pig|swine|porcine|chicken|poultry|avian|bird|fish|shrimp|insect|bee|honeybee|mosquito|termite|larva|moth\b|meal moth|spider|rumen|caecum|cecum|excreta|mouse|mice|rat|horse|equine|dog|canine|sheep|ovine|goat|caprine|snail|oyster|coral|sponge|nematode|worm)
human skin	1	clinico_humano	\b(human|homo sapiens|patient|clinical|hospital|blood|urine|feces|faeces|fecal|faecal|stool|sputum|gut\b|wound|abscess|catheter|endovascular|duodenum|conjunctiva|nasal|nasopharyn|oral|saliva|vagina|skin|kidney|pus|cerebrospinal|bronch|infant|neonat|biopsy|swab)
lechera	1	sin_clasificar	
Blood culture medium	1	clinico_humano	\b(human|homo sapiens|patient|clinical|hospital|blood|urine|feces|faeces|fecal|faecal|stool|sputum|gut\b|wound|abscess|catheter|endovascular|duodenum|conjunctiva|nasal|nasopharyn|oral|saliva|vagina|skin|kidney|pus|cerebrospinal|bronch|infant|neonat|biopsy|swab)
Herd 214	1	animal	\b(animal|cattle|bovine|cow|calf|herd|pig|swine|porcine|chicken|poultry|avian|bird|fish|shrimp|insect|bee|honeybee|mosquito|termite|larva|moth\b|meal moth|spider|rumen|caecum|cecum|excreta|mouse|mice|rat|horse|equine|dog|canine|sheep|ovine|goat|caprine|snail|oyster|coral|sponge|nematode|worm)
biological product [ENVO:02000043]	1	alimento_industrial	\b(food|milk|buttermilk|cheese|dairy|meat|sausage|fermented|fermentation|kimchi|soy|natto|doenjang|cheonggukjang|bread|dough|soup|beverage|juice|wine|beer|liquor|maotai|daqu|pit mud|vinegar|tea|cocoa|coffee|honey|industrial|factory|probiotic|feed|silage|starter|brine|pickle|enzym|amylase|protease|product|heroin)
Herd 417	1	animal	\b(animal|cattle|bovine|cow|calf|herd|pig|swine|porcine|chicken|poultry|avian|bird|fish|shrimp|insect|bee|honeybee|mosquito|termite|larva|moth\b|meal moth|spider|rumen|caecum|cecum|excreta|mouse|mice|rat|horse|equine|dog|canine|sheep|ovine|goat|caprine|snail|oyster|coral|sponge|nematode|worm)
normal skin of the right arm	1	clinico_humano	\b(human|homo sapiens|patient|clinical|hospital|blood|urine|feces|faeces|fecal|faecal|stool|sputum|gut\b|wound|abscess|catheter|endovascular|duodenum|conjunctiva|nasal|nasopharyn|oral|saliva|vagina|skin|kidney|pus|cerebrospinal|bronch|infant|neonat|biopsy|swab)
agricultural environmental material	1	suelo	\b(soil|compost|biocompost|manure|humus|peat|farmland|arable|field|agricultural|greenhouse|plastic house|forest|garden|sand)
