slug	linaje_id	accession	id	estado	longitud_fasta	genome_size_gtdb	dif_relativa	motivo_exclusion
L14_Bacillus_licheniformis	L14	GCF_021045185.1	GCF_021045185_1	ok	4110075	4110075	0.0000	
L14_Bacillus_licheniformis	L14	GCF_002271465.1	GCF_002271465_1	ok	4288329	4288329	0.0000	
L14_Bacillus_licheniformis	L14	GCF_001587315.1	GCF_001587315_1	ok	4288014	4288014	0.0000	
L14_Bacillus_licheniformis	L14	GCF_001914255.1	GCF_001914255_1	ok	4275585	4275585	0.0000	
L14_Bacillus_licheniformis	L14	GCF_003583315.1	GCF_003583315_1	ok	4265203	4265203	0.0000	
L14_Bacillus_licheniformis	L14	GCF_002272365.1	GCF_002272365_1	ok	4350557	4350557	0.0000	
L14_Bacillus_licheniformis	L14	GCF_944993355.1	GCF_944993355_1	ok	4122964	4122964	0.0000	
L14_Bacillus_licheniformis	L14	GCF_018274685.1	GCF_018274685_1	ok	4342458	4342458	0.0000	
L14_Bacillus_licheniformis	L14	GCF_002271715.1	GCF_002271715_1	ok	4220124	4220124	0.0000	
L14_Bacillus_licheniformis	L14	GCF_028857455.1	GCF_028857455_1	ok	4122687	4122687	0.0000	
L14_Bacillus_licheniformis	L14	GCF_019036885.1	GCF_019036885_1	ok	4203797	4203797	0.0000	
L14_Bacillus_licheniformis	L14	GCF_030520185.1	GCF_030520185_1	ok	4296212	4296212	0.0000	
L14_Bacillus_licheniformis	L14	GCF_004119755.1	GCF_004119755_1	ok	4419047	4419047	0.0000	
L14_Bacillus_licheniformis	L14	GCF_020686805.1	GCF_020686805_1	ok	4173111	4173111	0.0000	
L14_Bacillus_licheniformis	L14	GCF_000186125.1	GCF_000186125_1	ok	4369552	4369552	0.0000	
L14_Bacillus_licheniformis	L14	GCF_000011645.1	GCF_000011645_1	ok	4222597	4222597	0.0000	
L14_Bacillus_licheniformis	L14	GCF_007831215.1	GCF_007831215_1	ok	4148986	4148986	0.0000	
L14_Bacillus_licheniformis	L14	GCF_007994285.1	GCF_007994285_1	ok	4386821	4386821	0.0000	
L14_Bacillus_licheniformis	L14	GCF_028857235.1	GCF_028857235_1	ok	4293449	4293449	0.0000	
L14_Bacillus_licheniformis	L14	GCF_009905595.1	GCF_009905595_1	ok	4171111	4171111	0.0000	
L14_Bacillus_licheniformis	L14	GCF_003474315.1	GCF_003474315_1	ok	4566820	4566820	0.0000	
L14_Bacillus_licheniformis	L14	GCF_007832035.1	GCF_007832035_1	ok	4169128	4169128	0.0000	
L14_Bacillus_licheniformis	L14	GCF_007832345.1	GCF_007832345_1	ok	4269373	4269373	0.0000	
L14_Bacillus_licheniformis	L14	GCF_004362235.1	GCF_004362235_1	ok	4115730	4115730	0.0000	
L14_Bacillus_licheniformis	L14	GCF_007832425.1	GCF_007832425_1	ok	4078218	4078218	0.0000	
L14_Bacillus_licheniformis	L14	GCF_023713045.1	GCF_023713045_1	ok	4368190	4368190	0.0000	
L14_Bacillus_licheniformis	L14	GCF_007831815.1	GCF_007831815_1	ok	4202992	4202992	0.0000	
L14_Bacillus_licheniformis	L14	GCF_000603965.1	GCF_000603965_1	ok	4112350	4112350	0.0000	
L14_Bacillus_licheniformis	L14	GCF_020686845.1	GCF_020686845_1	ok	4178715	4178715	0.0000	
L14_Bacillus_licheniformis	L14	GCF_903970875.1	GCF_903970875_1	ok	4252220	4252220	0.0000	
L14_Bacillus_licheniformis	L14	GCF_028857565.1	GCF_028857565_1	ok	4261254	4261254	0.0000	
L14_Bacillus_licheniformis	L14	GCF_029857595.1	GCF_029857595_1	ok	4235446	4235446	0.0000	
L14_Bacillus_licheniformis	L14	GCF_023713785.1	GCF_023713785_1	ok	4282357	4282357	0.0000	
L14_Bacillus_licheniformis	L14	GCF_002504325.1	GCF_002504325_1	ok	4260287	4260287	0.0000	
L14_Bacillus_licheniformis	L14	GCF_019880595.1	GCF_019880595_1	ok	4208724	4208724	0.0000	
L14_Bacillus_licheniformis	L14	GCF_028857435.1	GCF_028857435_1	ok	4177733	4177733	0.0000	
L14_Bacillus_licheniformis	L14	GCF_001726125.1	GCF_001726125_1	ok	4422181	4422181	0.0000	
L14_Bacillus_licheniformis	L14	GCF_026789185.1	GCF_026789185_1	ok	4132395	4132395	0.0000	
L14_Bacillus_licheniformis	L14	GCF_026796095.1	GCF_026796095_1	ok	4269737	4269737	0.0000	
L14_Bacillus_licheniformis	L14	GCF_015557885.1	GCF_015557885_1	ok	4389082	4389082	0.0000	
L14_Bacillus_licheniformis	L14	GCF_008368515.1	GCF_008368515_1	ok	4162590	4162590	0.0000	
L14_Bacillus_licheniformis	L14	GCF_944993295.1	GCF_944993295_1	ok	4153584	4153584	0.0000	
L14_Bacillus_licheniformis	L14	GCF_026788135.1	GCF_026788135_1	ok	4482229	4482229	0.0000	
L14_Bacillus_licheniformis	L14	GCF_001896025.1	GCF_001896025_1	ok	4162101	4162101	0.0000	
L14_Bacillus_licheniformis	L14	GCF_002272455.1	GCF_002272455_1	ok	4255145	4255145	0.0000	
L14_Bacillus_licheniformis	L14	GCF_009965255.1	GCF_009965255_1	ok	4292816	4292816	0.0000	
L14_Bacillus_licheniformis	L14	GCF_026793035.1	GCF_026793035_1	ok	4280557	4280557	0.0000	
L14_Bacillus_licheniformis	L14	GCF_007831795.1	GCF_007831795_1	ok	4286588	4286588	0.0000	
L14_Bacillus_licheniformis	L14	GCF_945957275.1	GCF_945957275_1	ok	4256127	4256127	0.0000	
L14_Bacillus_licheniformis	L14	GCF_018332815.1	GCF_018332815_1	ok	4389442	4389442	0.0000	
L14_Bacillus_licheniformis	L14	GCF_007831745.1	GCF_007831745_1	ok	4130810	4130810	0.0000	
L14_Bacillus_licheniformis	L14	GCF_028857255.1	GCF_028857255_1	ok	4623884	4623884	0.0000	
L14_Bacillus_licheniformis	L14	GCF_002074135.1	GCF_002074135_1	ok	4405338	4405338	0.0000	
L14_Bacillus_licheniformis	L14	GCF_007831615.1	GCF_007831615_1	ok	4334832	4334832	0.0000	
L14_Bacillus_licheniformis	L14	GCF_016629635.1	GCF_016629635_1	ok	4282796	4282796	0.0000	
L14_Bacillus_licheniformis	L14	GCF_030348625.1	GCF_030348625_1	ok	4378208	4378208	0.0000	
L14_Bacillus_licheniformis	L14	GCF_007994275.1	GCF_007994275_1	ok	4195732	4195732	0.0000	
L14_Bacillus_licheniformis	L14	GCF_015689075.1	GCF_015689075_1	ok	4268296	4268296	0.0000	
L14_Bacillus_licheniformis	L14	GCF_944993385.1	GCF_944993385_1	ok	4153936	4153936	0.0000	
L14_Bacillus_licheniformis	L14	GCF_028857445.1	GCF_028857445_1	ok	4262610	4262610	0.0000	
L14_Bacillus_licheniformis	L14	GCF_007831245.1	GCF_007831245_1	ok	4308622	4308622	0.0000	
L14_Bacillus_licheniformis	L14	GCF_007831835.1	GCF_007831835_1	ok	4325136	4325136	0.0000	
L14_Bacillus_licheniformis	L14	GCF_000477395.2	GCF_000477395_2	ok	4396552	4396552	0.0000	
L14_Bacillus_licheniformis	L14	GCF_003254235.1	GCF_003254235_1	ok	4321619	4321619	0.0000	
L14_Bacillus_licheniformis	L14	GCF_002953475.1	GCF_002953475_1	ok	4223986	4223986	0.0000	
L14_Bacillus_licheniformis	L14	GCF_004103575.1	GCF_004103575_1	ok	4516868	4516868	0.0000	
L14_Bacillus_licheniformis	L14	GCF_000603985.1	GCF_000603985_1	ok	4240430	4240430	0.0000	
L14_Bacillus_licheniformis	L14	GCF_019037225.1	GCF_019037225_1	ok	4337844	4337844	0.0000	
L14_Bacillus_licheniformis	L14	GCF_008368505.1	GCF_008368505_1	ok	4338651	4338651	0.0000	
L14_Bacillus_licheniformis	L14	GCF_026241355.1	GCF_026241355_1	ok	4175500	4175500	0.0000	
L14_Bacillus_licheniformis	L14	GCF_007831235.1	GCF_007831235_1	ok	4157748	4157748	0.0000	
L14_Bacillus_licheniformis	L14	GCF_000260555.1	GCF_000260555_1	ok	4317010	4317010	0.0000	
L14_Bacillus_licheniformis	L14	GCF_024134745.1	GCF_024134745_1	ok	4180654	4180654	0.0000	
L14_Bacillus_licheniformis	L14	GCF_007831465.1	GCF_007831465_1	ok	4380962	4380962	0.0000	
L14_Bacillus_licheniformis	L14	GCF_944993445.1	GCF_944993445_1	ok	4153669	4153669	0.0000	
L14_Bacillus_licheniformis	L14	GCF_007830935.1	GCF_007830935_1	ok	4149080	4149080	0.0000	
L14_Bacillus_licheniformis	L14	GCF_028857215.1	GCF_028857215_1	ok	4451921	4451921	0.0000	
L14_Bacillus_licheniformis	L14	GCF_007994355.1	GCF_007994355_1	ok	4170638	4170638	0.0000	
L14_Bacillus_licheniformis	L14	GCF_024463755.1	GCF_024463755_1	ok	4253209	4253209	0.0000	
L14_Bacillus_licheniformis	L14	GCF_023713085.1	GCF_023713085_1	ok	4398042	4398042	0.0000	
L14_Bacillus_licheniformis	L14	GCF_007830835.1	GCF_007830835_1	ok	4225452	4225452	0.0000	
L14_Bacillus_licheniformis	L14	GCF_030222455.1	GCF_030222455_1	ok	4298210	4298210	0.0000	
L14_Bacillus_licheniformis	L14	GCF_007832195.1	GCF_007832195_1	ok	4276695	4276695	0.0000	
L14_Bacillus_licheniformis	L14	GCF_007831705.1	GCF_007831705_1	ok	4280186	4280186	0.0000	
L14_Bacillus_licheniformis	L14	GCF_007831975.1	GCF_007831975_1	ok	4393159	4393159	0.0000	
L14_Bacillus_licheniformis	L14	GCF_008368405.1	GCF_008368405_1	ok	4340335	4340335	0.0000	
L14_Bacillus_licheniformis	L14	GCF_008368415.1	GCF_008368415_1	ok	4161044	4161044	0.0000	
L14_Bacillus_licheniformis	L14	GCF_007832295.1	GCF_007832295_1	ok	4365374	4365374	0.0000	
L14_Bacillus_licheniformis	L14	GCF_016026835.1	GCF_016026835_1	ok	4693369	4693369	0.0000	
L14_Bacillus_licheniformis	L14	GCF_002173675.1	GCF_002173675_1	ok	4824459	4824459	0.0000	
L14_Bacillus_licheniformis	L14	GCF_003339545.1	GCF_003339545_1	ok	4405373	4405373	0.0000	
L14_Bacillus_licheniformis	L14	GCF_002860295.1	GCF_002860295_1	ok	4160522	4160522	0.0000	
L14_Bacillus_licheniformis	L14	GCF_007832155.1	GCF_007832155_1	ok	4244353	4244353	0.0000	
L14_Bacillus_licheniformis	L14	GCF_022700915.1	GCF_022700915_1	ok	4294269	4294269	0.0000	
L14_Bacillus_licheniformis	L14	GCF_002933795.1	GCF_002933795_1	ok	4088978	4088978	0.0000	
L14_Bacillus_licheniformis	L14	GCF_001507775.1	GCF_001507775_1	ok	4138656	4138656	0.0000	
L14_Bacillus_licheniformis	L14	GCF_028857335.1	GCF_028857335_1	ok	4222732	4222732	0.0000	
L14_Bacillus_licheniformis	L14	GCF_944993205.1	GCF_944993205_1	ok	4153950	4153950	0.0000	
L14_Bacillus_licheniformis	L14	GCF_019037245.1	GCF_019037245_1	ok	4251134	4251134	0.0000	
L14_Bacillus_licheniformis	L14	GCF_007832395.1	GCF_007832395_1	ok	4206559	4206559	0.0000	
L14_Bacillus_licheniformis	L14	GCF_001642595.1	GCF_001642595_1	ok	4154962	4154962	0.0000	
L14_Bacillus_licheniformis	L14	GCA_900637645.1	GCA_900637645_1	ok	4226784	4226784	0.0000	
L14_Bacillus_licheniformis	L14	GCF_024722355.1	GCF_024722355_1	ok	4226888	4226888	0.0000	
L14_Bacillus_licheniformis	L14	GCF_000008425.1	GCF_000008425_1	ok	4222645	4222645	0.0000	
L14_Bacillus_licheniformis	L14	GCF_001925115.1	GCF_001925115_1	ok	4336988	4336988	0.0000	
L14_Bacillus_licheniformis	L14	GCF_013520855.1	GCF_013520855_1	ok	4280093	4280093	0.0000	
L14_Bacillus_licheniformis	L14	GCF_000315975.1	GCF_000315975_1	ok	4514887	4514887	0.0000	
L14_Bacillus_licheniformis	L14	GCF_028857325.1	GCF_028857325_1	ok	4266218	4266218	0.0000	
L14_Bacillus_licheniformis	L14	GCF_004078545.1	GCF_004078545_1	ok	4350200	4350200	0.0000	
L14_Bacillus_licheniformis	L14	GCF_001896305.1	GCF_001896305_1	ok	4517330	4517330	0.0000	
L14_Bacillus_licheniformis	L14	GCF_006974025.1	GCF_006974025_1	ok	4341076	4341076	0.0000	
L14_Bacillus_licheniformis	L14	GCF_003952865.1	GCF_003952865_1	ok	4193958	4193958	0.0000	
L14_Bacillus_licheniformis	L14	GCF_028857225.1	GCF_028857225_1	ok	4204342	4204342	0.0000	
L14_Bacillus_licheniformis	L14	GCF_028857245.1	GCF_028857245_1	ok	4201136	4201136	0.0000	
L14_Bacillus_licheniformis	L14	GCF_000948275.1	GCF_000948275_1	ok	4173713	4173713	0.0000	
L14_Bacillus_licheniformis	L14	GCF_001901555.1	GCF_001901555_1	ok	4167083	4167083	0.0000	
L14_Bacillus_licheniformis	L14	GCF_944993405.1	GCF_944993405_1	ok	4115715	4115715	0.0000	
L14_Bacillus_licheniformis	L14	GCF_007831965.1	GCF_007831965_1	ok	4247264	4247264	0.0000	
L14_Bacillus_licheniformis	L14	GCF_944993315.1	GCF_944993315_1	ok	4134200	4134200	0.0000	
L14_Bacillus_licheniformis	L14	GCF_006094335.1	GCF_006094335_1	ok	4239205	4239205	0.0000	
L14_Bacillus_licheniformis	L14	GCF_007832175.1	GCF_007832175_1	ok	4260596	4260596	0.0000	
L14_Bacillus_licheniformis	L14	GCF_031157615.1	GCF_031157615_1	ok	4427478	4427478	0.0000	
L14_Bacillus_licheniformis	L14	GCF_004101525.1	GCF_004101525_1	ok	4471280	4471280	0.0000	
L14_Bacillus_licheniformis	L14	GCF_007831385.1	GCF_007831385_1	ok	4161633	4161633	0.0000	
L14_Bacillus_licheniformis	L14	GCF_027685585.1	GCF_027685585_1	ok	4350181	4350181	0.0000	
L14_Bacillus_licheniformis	L14	GCF_002272305.1	GCF_002272305_1	ok	4135285	4135285	0.0000	
L14_Bacillus_licheniformis	L14	GCF_000260535.1	GCF_000260535_1	ok	4161258	4161258	0.0000	
L14_Bacillus_licheniformis	L14	GCF_001662975.1	GCF_001662975_1	ok	4129555	4129555	0.0000	
L14_Bacillus_licheniformis	L14	GCF_902386215.1	GCF_902386215_1	ok	4208157	4208157	0.0000	
L14_Bacillus_licheniformis	L14	GCF_007831115.1	GCF_007831115_1	ok	4424246	4424246	0.0000	
L14_Bacillus_licheniformis	L14	GCF_002272395.1	GCF_002272395_1	ok	4255506	4255506	0.0000	
L14_Bacillus_licheniformis	L14	GCF_028857645.1	GCF_028857645_1	ok	4191660	4191660	0.0000	
L14_Bacillus_licheniformis	L14	GCF_002174255.1	GCF_002174255_1	ok	4438492	4438492	0.0000	
L14_Bacillus_licheniformis	L14	GCF_001587195.1	GCF_001587195_1	ok	4521337	4521337	0.0000	
L14_Bacillus_licheniformis	L14	GCF_017338795.1	GCF_017338795_1	ok	4316909	4316909	0.0000	
L14_Bacillus_licheniformis	L14	GCF_001596055.1	GCF_001596055_1	ok	4252398	4252398	0.0000	
L14_Bacillus_licheniformis	L14	GCF_001876655.1	GCF_001876655_1	ok	4441195	4441195	0.0000	
L14_Bacillus_licheniformis	L14	GCF_944993425.1	GCF_944993425_1	ok	4153643	4153643	0.0000	
L14_Bacillus_licheniformis	L14	GCF_007831655.1	GCF_007831655_1	ok	4266743	4266743	0.0000	
L14_Bacillus_licheniformis	L14	GCF_900445385.1	GCF_900445385_1	ok	4296091	4296091	0.0000	
L14_Bacillus_licheniformis	L14	GCF_007832465.1	GCF_007832465_1	ok	4186140	4186140	0.0000	
L14_Bacillus_licheniformis	L14	GCF_007832135.1	GCF_007832135_1	ok	4212436	4212436	0.0000	
L14_Bacillus_licheniformis	L14	GCF_028857665.1	GCF_028857665_1	ok	4212123	4212123	0.0000	
L14_Bacillus_licheniformis	L14	GCF_015552545.1	GCF_015552545_1	ok	4141358	4141358	0.0000	
L14_Bacillus_licheniformis	L14	GCF_007831015.1	GCF_007831015_1	ok	4280407	4280407	0.0000	
L14_Bacillus_licheniformis	L14	GCF_029958265.1	GCF_029958265_1	ok	4113603	4113603	0.0000	
L14_Bacillus_licheniformis	L14	GCF_003606405.1	GCF_003606405_1	ok	4490546	4490546	0.0000	
L14_Bacillus_licheniformis	L14	GCF_007830995.1	GCF_007830995_1	ok	4404822	4404822	0.0000	
L14_Bacillus_licheniformis	L14	GCF_007994365.1	GCF_007994365_1	ok	4167381	4167381	0.0000	
L14_Bacillus_licheniformis	L14	GCF_007994485.1	GCF_007994485_1	ok	4084014	4084014	0.0000	
L14_Bacillus_licheniformis	L14	GCF_015559765.1	GCF_015559765_1	ok	4141631	4141631	0.0000	
L14_Bacillus_licheniformis	L14	GCF_007831695.1	GCF_007831695_1	ok	4228250	4228250	0.0000	
L14_Bacillus_licheniformis	L14	GCF_007855455.1	GCF_007855455_1	ok	4201713	4201713	0.0000	
L14_Bacillus_licheniformis	L14	GCF_007831575.1	GCF_007831575_1	ok	4207781	4207781	0.0000	
L14_Bacillus_licheniformis	L14	GCF_020686825.1	GCF_020686825_1	ok	4171409	4171409	0.0000	
L14_Bacillus_licheniformis	L14	GCF_008368435.1	GCF_008368435_1	ok	4337996	4337996	0.0000	
L14_Bacillus_licheniformis	L14	GCF_028857315.1	GCF_028857315_1	ok	4377533	4377533	0.0000	
L14_Bacillus_licheniformis	L14	GCF_007831295.1	GCF_007831295_1	ok	4095430	4095430	0.0000	
L14_Bacillus_licheniformis	L14	GCF_026791975.1	GCF_026791975_1	ok	4277835	4277835	0.0000	
L14_Bacillus_licheniformis	L14	GCF_007831455.1	GCF_007831455_1	ok	4362402	4362402	0.0000	
L14_Bacillus_licheniformis	L14	GCF_007830815.1	GCF_007830815_1	ok	4231855	4231855	0.0000	
L14_Bacillus_licheniformis	L14	GCF_001950175.1	GCF_001950175_1	ok	4216931	4216931	0.0000	
L14_Bacillus_licheniformis	L14	GCF_945957445.1	GCF_945957445_1	ok	4254074	4254074	0.0000	
L14_Bacillus_licheniformis	L14	GCF_007831495.1	GCF_007831495_1	ok	4087367	4087367	0.0000	
L14_Bacillus_licheniformis	L14	GCF_007994255.1	GCF_007994255_1	ok	4477636	4477636	0.0000	
L14_Bacillus_licheniformis	L14	GCF_020686785.1	GCF_020686785_1	ok	4176915	4176915	0.0000	
L14_Bacillus_licheniformis	L14	GCF_021045125.1	GCF_021045125_1	ok	4152826	4152826	0.0000	
L14_Bacillus_licheniformis	L14	GCF_001876575.1	GCF_001876575_1	ok	4432724	4432724	0.0000	
L14_Bacillus_licheniformis	L14	GCF_000258125.2	GCF_000258125_2	ok	4286821	4286821	0.0000	
L14_Bacillus_licheniformis	L14	GCF_003595625.1	GCF_003595625_1	ok	4440709	4440709	0.0000	
L14_Bacillus_licheniformis	L14	GCF_001876545.1	GCF_001876545_1	ok	4445448	4445448	0.0000	
L14_Bacillus_licheniformis	L14	GCF_007832515.1	GCF_007832515_1	ok	4134951	4134951	0.0000	
L14_Bacillus_licheniformis	L14	GCF_007677765.1	GCF_007677765_1	ok	4427232	4427232	0.0000	
L14_Bacillus_licheniformis	L14	GCF_007679605.1	GCF_007679605_1	ok	4438742	4438742	0.0000	
L14_Bacillus_licheniformis	L14	GCF_007673855.1	GCF_007673855_1	ok	4452774	4452774	0.0000	
L14_Bacillus_licheniformis	L14	GCF_001587355.1	GCF_001587355_1	ok	4094914	4094914	0.0000	
L14_Bacillus_licheniformis	L14	GCF_900110715.1	GCF_900110715_1	ok	4084064	4084064	0.0000	
L14_Bacillus_licheniformis	L14	GCF_007830795.1	GCF_007830795_1	ok	4142407	4142407	0.0000	
L14_Bacillus_licheniformis	L14	GCF_007994305.1	GCF_007994305_1	ok	4149201	4149201	0.0000	
L14_Bacillus_licheniformis	L14	GCF_026789605.1	GCF_026789605_1	ok	4165796	4165796	0.0000	
L14_Bacillus_licheniformis	L14	GCF_002966955.1	GCF_002966955_1	ok	4332232	4332232	0.0000	
L14_Bacillus_licheniformis	L14	GCF_007831035.1	GCF_007831035_1	ok	4221553	4221553	0.0000	
L14_Bacillus_licheniformis	L14	GCF_022630555.1	GCF_022630555_1	ok	4243588	4243588	0.0000	
L14_Bacillus_licheniformis	L14	GCF_002269275.1	GCF_002269275_1	ok	4166290	4166290	0.0000	
L14_Bacillus_licheniformis	L14	GCF_014250415.1	GCF_014250415_1	ok	4212838	4212838	0.0000	
L14_Bacillus_licheniformis	L14	GCF_001896295.1	GCF_001896295_1	ok	4536032	4536032	0.0000	
L14_Bacillus_licheniformis	L14	GCF_030501475.1	GCF_030501475_1	ok	4194676	4194676	0.0000	
L14_Bacillus_licheniformis	L14	GCF_007831515.1	GCF_007831515_1	ok	4340407	4340407	0.0000	
L14_Bacillus_licheniformis	L14	GCF_028532465.1	GCF_028532465_1	ok	4252022	4252022	0.0000	
L14_Bacillus_licheniformis	L14	GCF_010578005.1	GCF_010578005_1	ok	4178202	4178202	0.0000	
L14_Bacillus_licheniformis	L14	GCF_003253815.1	GCF_003253815_1	ok	4208157	4208157	0.0000	
L14_Bacillus_licheniformis	L14	GCF_019037425.1	GCF_019037425_1	ok	4142746	4142746	0.0000	
L14_Bacillus_licheniformis	L14	GCF_944993335.1	GCF_944993335_1	ok	4106118	4106118	0.0000	
L14_Bacillus_licheniformis	L14	GCF_028857515.1	GCF_028857515_1	ok	4342493	4342493	0.0000	
L14_Bacillus_licheniformis	L14	GCF_002074115.1	GCF_002074115_1	ok	4475542	4475542	0.0000	
L14_Bacillus_licheniformis	L14	GCF_007994455.1	GCF_007994455_1	ok	4197541	4197541	0.0000	
L14_Bacillus_licheniformis	L14	GCF_004526275.1	GCF_004526275_1	ok	4230480	4230480	0.0000	
L14_Bacillus_licheniformis	L14	GCF_016126875.1	GCF_016126875_1	ok	4232501	4232501	0.0000	
L14_Bacillus_licheniformis	L14	GCF_001925055.1	GCF_001925055_1	ok	4206468	4206468	0.0000	
L14_Bacillus_licheniformis	L14	GCF_008368425.1	GCF_008368425_1	ok	4163391	4163391	0.0000	
L14_Bacillus_licheniformis	L14	GCF_007830975.1	GCF_007830975_1	ok	4247818	4247818	0.0000	
L14_Bacillus_licheniformis	L14	GCF_002564325.1	GCF_002564325_1	ok	4600757	4600757	0.0000	
L14_Bacillus_licheniformis	L14	GCF_948330375.1	GCF_948330375_1	ok	4188852	4188852	0.0000	
L14_Bacillus_licheniformis	L14	GCF_006494795.1	GCF_006494795_1	ok	4280457	4280457	0.0000	
L14_Bacillus_licheniformis	L14	GCF_002074075.1	GCF_002074075_1	ok	4300706	4300706	0.0000	
L14_Bacillus_licheniformis	L14	GCF_026796245.1	GCF_026796245_1	ok	4154634	4154634	0.0000	
L14_Bacillus_licheniformis	L14	GCF_024649545.1	GCF_024649545_1	ok	4140688	4140688	0.0000	
L14_Bacillus_licheniformis	L14	GCF_028857415.1	GCF_028857415_1	ok	4146623	4146623	0.0000	
L14_Bacillus_licheniformis	L14	GCF_007832095.1	GCF_007832095_1	ok	4104231	4104231	0.0000	
L14_Bacillus_licheniformis	L14	GCF_019448535.1	GCF_019448535_1	ok	4566963	4566963	0.0000	
L14_Bacillus_licheniformis	L14	GCF_030284405.1	GCF_030284405_1	ok	4238379	4238379	0.0000	
L14_Bacillus_licheniformis	L14	GCF_026799625.1	GCF_026799625_1	ok	4128885	4128885	0.0000	
L14_Bacillus_licheniformis	L14	GCF_007832275.1	GCF_007832275_1	ok	4100500	4100500	0.0000	
L14_Bacillus_licheniformis	L14	GCF_944993375.1	GCF_944993375_1	ok	4109150	4109150	0.0000	
L14_Bacillus_licheniformis	L14	GCF_004119795.1	GCF_004119795_1	ok	4298206	4298206	0.0000	
L14_Bacillus_licheniformis	L14	GCF_945957455.1	GCF_945957455_1	ok	4145137	4145137	0.0000	
L14_Bacillus_licheniformis	L14	GCF_007832215.1	GCF_007832215_1	ok	4301832	4301832	0.0000	
L14_Bacillus_licheniformis	L14	GCF_910575305.1	GCF_910575305_1	ok	4226020	4226020	0.0000	
L14_Bacillus_licheniformis	L14	GCF_900171545.1	GCF_900171545_1	ok	4253681	4253681	0.0000	
L14_Bacillus_licheniformis	L14	GCA_000952085.1	GCA_000952085_1	ok	4392282	4392282	0.0000	
L14_Bacillus_licheniformis	L14	GCF_007994175.1	GCF_007994175_1	ok	4447729	4447729	0.0000	
L14_Bacillus_licheniformis	L14	GCF_002272005.1	GCF_002272005_1	ok	4322140	4322140	0.0000	
L14_Bacillus_licheniformis	L14	GCF_007831255.1	GCF_007831255_1	ok	4410515	4410515	0.0000	
L14_Bacillus_licheniformis	L14	GCF_007832335.1	GCF_007832335_1	ok	4337340	4337340	0.0000	
L14_Bacillus_licheniformis	L14	GCF_007676795.1	GCF_007676795_1	ok	4426824	4426824	0.0000	
L14_Bacillus_licheniformis	L14	GCF_009662395.1	GCF_009662395_1	ok	4352529	4352529	0.0000	
L14_Bacillus_licheniformis	L14	GCF_002271725.1	GCF_002271725_1	ok	4281041	4281041	0.0000	
L14_Bacillus_licheniformis	L14	GCF_023714845.1	GCF_023714845_1	ok	4098880	4098880	0.0000	
L14_Bacillus_licheniformis	L14	GCF_007832045.1	GCF_007832045_1	ok	4132129	4132129	0.0000	
L14_Bacillus_licheniformis	L14	GCF_028857345.1	GCF_028857345_1	ok	4468995	4468995	0.0000	
L14_Bacillus_licheniformis	L14	GCF_023713725.1	GCF_023713725_1	ok	4271713	4271713	0.0000	
L14_Bacillus_licheniformis	L14	GCA_019873785.1	GCA_019873785_1	ok	4167516	4167516	0.0000	
L14_Bacillus_licheniformis	L14	GCF_001896285.1	GCF_001896285_1	ok	4763591	4763591	0.0000	
L14_Bacillus_licheniformis	L14	GCF_007831635.1	GCF_007831635_1	ok	4240896	4240896	0.0000	
L14_Bacillus_licheniformis	L14	GCF_020177515.1	GCF_020177515_1	ok	4645791	4645791	0.0000	
L14_Bacillus_licheniformis	L14	GCF_007994375.1	GCF_007994375_1	ok	4375193	4375193	0.0000	
L14_Bacillus_licheniformis	L14	GCF_007831665.1	GCF_007831665_1	ok	4095353	4095353	0.0000	
L14_Bacillus_licheniformis	L14	GCF_018332835.1	GCF_018332835_1	ok	4389016	4389016	0.0000	
L14_Bacillus_licheniformis	L14	GCF_007994435.1	GCF_007994435_1	ok	4112747	4112747	0.0000	
L14_Bacillus_licheniformis	L14	GCF_005502515.1	GCF_005502515_1	ok	4279216	4279216	0.0000	
L14_Bacillus_licheniformis	L14	GCF_000695465.1	GCF_000695465_1	ok	4194413	4194413	0.0000	
L14_Bacillus_licheniformis	L14	GCF_007831755.1	GCF_007831755_1	ok	4325385	4325385	0.0000	
L14_Bacillus_licheniformis	L14	GCF_007831735.1	GCF_007831735_1	ok	4244135	4244135	0.0000	
L14_Bacillus_licheniformis	L14	GCF_025685785.1	GCF_025685785_1	ok	4337697	4337697	0.0000	
L14_Bacillus_licheniformis	L14	GCF_026796135.1	GCF_026796135_1	ok	4177763	4177763	0.0000	
L14_Bacillus_licheniformis	L14	GCF_026795695.1	GCF_026795695_1	ok	4063869	4063869	0.0000	
L14_Bacillus_licheniformis	L14	GCF_007831875.1	GCF_007831875_1	ok	4134891	4134891	0.0000	
L14_Bacillus_licheniformis	L14	GCF_007832495.1	GCF_007832495_1	ok	4145955	4145955	0.0000	
L14_Bacillus_licheniformis	L14	GCF_007831325.1	GCF_007831325_1	ok	4326735	4326735	0.0000	
L14_Bacillus_licheniformis	L14	GCF_018332855.1	GCF_018332855_1	ok	4372147	4372147	0.0000	
L14_Bacillus_licheniformis	L14	GCF_010578075.1	GCF_010578075_1	ok	4119640	4119640	0.0000	
L14_Bacillus_licheniformis	L14	GCF_015845325.1	GCF_015845325_1	ok	4238094	4238094	0.0000	
L14_Bacillus_licheniformis	L14	GCA_002457815.1	GCA_002457815_1	ok	4208275	4208275	0.0000	
L14_Bacillus_licheniformis	L14	GCF_001876555.1	GCF_001876555_1	ok	4448760	4448760	0.0000	
L14_Bacillus_licheniformis	L14	GCF_007831065.1	GCF_007831065_1	ok	4342592	4342592	0.0000	
L14_Bacillus_licheniformis	L14	GCF_002074095.1	GCF_002074095_1	ok	4342466	4342466	0.0000	
L14_Bacillus_licheniformis	L14	GCF_002271485.1	GCF_002271485_1	ok	4132098	4132098	0.0000	
L14_Bacillus_licheniformis	L14	GCF_014673515.1	GCF_014673515_1	ok	4222597	4222597	0.0000	
L14_Bacillus_licheniformis	L14	GCF_014489805.1	GCF_014489805_1	ok	4171111	4171111	0.0000	
L14_Bacillus_licheniformis	L14	GCF_007830775.1	GCF_007830775_1	ok	4171293	4171293	0.0000	
L14_Bacillus_licheniformis	L14	GCF_001939525.1	GCF_001939525_1	ok	4299489	4299489	0.0000	
L14_Bacillus_licheniformis	L14	GCF_007832235.1	GCF_007832235_1	ok	4083723	4083723	0.0000	
L14_Bacillus_licheniformis	L14	GCF_030177855.1	GCF_030177855_1	ok	4298205	4298205	0.0000	
L14_Bacillus_licheniformis	L14	GCF_007831145.1	GCF_007831145_1	ok	4413589	4413589	0.0000	
L14_Bacillus_licheniformis	L14	GCF_002236895.1	GCF_002236895_1	ok	4287720	4287720	0.0000	
L14_Bacillus_licheniformis	L14	GCF_007673185.1	GCF_007673185_1	ok	4427912	4427912	0.0000	
L14_Bacillus_licheniformis	L14	GCF_002272335.1	GCF_002272335_1	ok	4162028	4162028	0.0000	
L14_Bacillus_licheniformis	L14	GCF_007831435.1	GCF_007831435_1	ok	4444941	4444941	0.0000	
L14_Bacillus_licheniformis	L14	GCF_024294685.1	GCF_024294685_1	ok	4294394	4294394	0.0000	
L14_Bacillus_licheniformis	L14	GCF_007832375.1	GCF_007832375_1	ok	4141642	4141642	0.0000	
L14_Bacillus_licheniformis	L14	GCF_932751165.1	GCF_932751165_1	ok	4170450	4170450	0.0000	
L14_Bacillus_licheniformis	L14	GCF_007832255.1	GCF_007832255_1	ok	4734703	4734703	0.0000	
L14_Bacillus_licheniformis	L14	GCF_002272315.1	GCF_002272315_1	ok	4198297	4198297	0.0000	
L14_Bacillus_licheniformis	L14	GCF_003024435.1	GCF_003024435_1	ok	4388335	4388335	0.0000	
L14_Bacillus_licheniformis	L14	GCF_018587905.1	GCF_018587905_1	ok	4098557	4098557	0.0000	
L14_Bacillus_licheniformis	L14	GCF_013421445.1	GCF_013421445_1	ok	4171909	4171909	0.0000	
L14_Bacillus_licheniformis	L14	GCF_007831885.1	GCF_007831885_1	ok	4363512	4363512	0.0000	
L14_Bacillus_licheniformis	L14	GCF_028857475.1	GCF_028857475_1	ok	4197465	4197465	0.0000	
L14_Bacillus_licheniformis	L14	GCF_001587285.1	GCF_001587285_1	ok	4296935	4296935	0.0000	
L16_Bacillus_altitudinis	L16	GCF_030271235.1	GCF_030271235_1	ok	3634564	3634564	0.0000	
L16_Bacillus_altitudinis	L16	GCF_901542325.1	GCF_901542325_1	ok	3746007	3746007	0.0000	
L16_Bacillus_altitudinis	L16	GCF_016767855.1	GCF_016767855_1	ok	3741767	3741767	0.0000	
L16_Bacillus_altitudinis	L16	GCF_023502445.1	GCF_023502445_1	ok	3788883	3788883	0.0000	
L16_Bacillus_altitudinis	L16	GCF_000789425.2	GCF_000789425_2	ok	3743699	3743699	0.0000	
L16_Bacillus_altitudinis	L16	GCF_026787805.1	GCF_026787805_1	ok	3702556	3702556	0.0000	
L16_Bacillus_altitudinis	L16	GCF_900119345.1	GCF_900119345_1	ok	3706009	3706009	0.0000	
L16_Bacillus_altitudinis	L16	GCA_029916775.1	GCA_029916775_1	excluido	NA	3642573	NA	rotulo NCBI de otro filo (Micromonospora sp. 1209, Actinomycetota) en el cluster GTDB de Bacillus altitudinis: riesgo de ensamblaje quimerico o contaminado
L16_Bacillus_altitudinis	L16	GCF_029478555.1	GCF_029478555_1	ok	3756051	3756051	0.0000	
L16_Bacillus_altitudinis	L16	GCF_030016235.1	GCF_030016235_1	ok	3862186	3862186	0.0000	
L16_Bacillus_altitudinis	L16	GCF_016785155.1	GCF_016785155_1	ok	3643183	3643183	0.0000	
L16_Bacillus_altitudinis	L16	GCF_023373945.1	GCF_023373945_1	ok	3700056	3700056	0.0000	
L16_Bacillus_altitudinis	L16	GCF_031199195.1	GCF_031199195_1	ok	3506943	3506943	0.0000	
L16_Bacillus_altitudinis	L16	GCF_019355135.1	GCF_019355135_1	ok	3755290	3755290	0.0000	
L16_Bacillus_altitudinis	L16	GCF_030016265.1	GCF_030016265_1	ok	3844812	3844812	0.0000	
L16_Bacillus_altitudinis	L16	GCF_008180475.1	GCF_008180475_1	ok	3826387	3826387	0.0000	
L16_Bacillus_altitudinis	L16	GCA_001420655.1	GCA_001420655_1	ok	3793858	3793858	0.0000	
L16_Bacillus_altitudinis	L16	GCF_001548215.1	GCF_001548215_1	ok	3723433	3723433	0.0000	
L16_Bacillus_altitudinis	L16	GCF_008764185.1	GCF_008764185_1	ok	3703847	3703847	0.0000	
L16_Bacillus_altitudinis	L16	GCF_007676515.1	GCF_007676515_1	ok	3731520	3731520	0.0000	
L16_Bacillus_altitudinis	L16	GCF_030433755.1	GCF_030433755_1	ok	3729660	3729660	0.0000	
L16_Bacillus_altitudinis	L16	GCF_001043535.1	GCF_001043535_1	ok	3696916	3696916	0.0000	
L16_Bacillus_altitudinis	L16	GCA_020218135.1	GCA_020218135_1	ok	3675078	3675078	0.0000	
L16_Bacillus_altitudinis	L16	GCF_021654595.1	GCF_021654595_1	ok	3681563	3681563	0.0000	
L16_Bacillus_altitudinis	L16	GCF_015160895.1	GCF_015160895_1	ok	3763717	3763717	0.0000	
L16_Bacillus_altitudinis	L16	GCF_026787255.1	GCF_026787255_1	ok	3701442	3701442	0.0000	
L16_Bacillus_altitudinis	L16	GCF_030014895.1	GCF_030014895_1	ok	3823198	3823198	0.0000	
L16_Bacillus_altitudinis	L16	GCF_019149285.1	GCF_019149285_1	ok	3704300	3704300	0.0000	
L16_Bacillus_altitudinis	L16	GCF_003946835.1	GCF_003946835_1	ok	3729829	3729829	0.0000	
L16_Bacillus_altitudinis	L16	GCF_001444735.1	GCF_001444735_1	ok	3687156	3687156	0.0000	
L16_Bacillus_altitudinis	L16	GCF_026786605.1	GCF_026786605_1	ok	3739203	3739203	0.0000	
L16_Bacillus_altitudinis	L16	GCF_026786615.1	GCF_026786615_1	ok	3738788	3738788	0.0000	
L16_Bacillus_altitudinis	L16	GCF_002042895.1	GCF_002042895_1	ok	3692443	3692443	0.0000	
L16_Bacillus_altitudinis	L16	GCF_010747395.1	GCF_010747395_1	ok	3684860	3684860	0.0000	
L16_Bacillus_altitudinis	L16	GCF_015846075.1	GCF_015846075_1	ok	3738947	3738947	0.0000	
L16_Bacillus_altitudinis	L16	GCF_017161205.1	GCF_017161205_1	ok	3729040	3729040	0.0000	
L16_Bacillus_altitudinis	L16	GCF_000831655.1	GCF_000831655_1	ok	3753035	3753035	0.0000	
L16_Bacillus_altitudinis	L16	GCF_019037745.1	GCF_019037745_1	ok	3754669	3754669	0.0000	
L16_Bacillus_altitudinis	L16	GCF_003217715.1	GCF_003217715_1	ok	3865054	3865054	0.0000	
L16_Bacillus_altitudinis	L16	GCA_021560155.1	GCA_021560155_1	ok	3754440	3754440	0.0000	
L16_Bacillus_altitudinis	L16	GCF_007681435.1	GCF_007681435_1	ok	3765631	3765631	0.0000	
L16_Bacillus_altitudinis	L16	GCF_004634445.1	GCF_004634445_1	ok	3815265	3815265	0.0000	
L16_Bacillus_altitudinis	L16	GCF_008123875.1	GCF_008123875_1	ok	3671094	3671094	0.0000	
L16_Bacillus_altitudinis	L16	GCF_015689015.1	GCF_015689015_1	ok	3718493	3718493	0.0000	
L16_Bacillus_altitudinis	L16	GCF_023714595.1	GCF_023714595_1	ok	3712377	3712377	0.0000	
L16_Bacillus_altitudinis	L16	GCF_026787895.1	GCF_026787895_1	ok	3699463	3699463	0.0000	
L16_Bacillus_altitudinis	L16	GCF_020165915.1	GCF_020165915_1	ok	3722692	3722692	0.0000	
L16_Bacillus_altitudinis	L16	GCF_023554815.1	GCF_023554815_1	ok	3801811	3801811	0.0000	
L16_Bacillus_altitudinis	L16	GCF_018904675.1	GCF_018904675_1	ok	3713733	3713733	0.0000	
L16_Bacillus_altitudinis	L16	GCF_026065915.1	GCF_026065915_1	ok	3806151	3806151	0.0000	
L16_Bacillus_altitudinis	L16	GCF_026787845.1	GCF_026787845_1	ok	3699278	3699278	0.0000	
L16_Bacillus_altitudinis	L16	GCF_023823755.1	GCF_023823755_1	ok	3762948	3762948	0.0000	
L16_Bacillus_altitudinis	L16	GCF_024398395.1	GCF_024398395_1	ok	3773439	3773439	0.0000	
L16_Bacillus_altitudinis	L16	GCF_900156275.1	GCF_900156275_1	ok	3714837	3714837	0.0000	
L16_Bacillus_altitudinis	L16	GCF_028462265.1	GCF_028462265_1	ok	3679170	3679170	0.0000	
L16_Bacillus_altitudinis	L16	GCF_003284495.1	GCF_003284495_1	ok	3746010	3746010	0.0000	
L16_Bacillus_altitudinis	L16	GCF_013283915.1	GCF_013283915_1	ok	3879167	3879167	0.0000	
L16_Bacillus_altitudinis	L16	GCF_001543165.1	GCF_001543165_1	ok	3745118	3745118	0.0000	
L16_Bacillus_altitudinis	L16	GCF_026787125.1	GCF_026787125_1	ok	3703009	3703009	0.0000	
L16_Bacillus_altitudinis	L16	GCF_018361385.1	GCF_018361385_1	ok	3898625	3898625	0.0000	
L16_Bacillus_altitudinis	L16	GCF_030122945.1	GCF_030122945_1	ok	3788886	3788886	0.0000	
L16_Bacillus_altitudinis	L16	GCF_030011555.1	GCF_030011555_1	ok	3950658	3950658	0.0000	
L16_Bacillus_altitudinis	L16	GCF_024134705.1	GCF_024134705_1	ok	3749596	3749596	0.0000	
L16_Bacillus_altitudinis	L16	GCF_009830135.1	GCF_009830135_1	ok	3681081	3681081	0.0000	
L16_Bacillus_altitudinis	L16	GCF_003049175.1	GCF_003049175_1	ok	3714673	3714673	0.0000	
L16_Bacillus_altitudinis	L16	GCF_020521575.1	GCF_020521575_1	ok	3778259	3778259	0.0000	
L16_Bacillus_altitudinis	L16	GCF_013205125.1	GCF_013205125_1	ok	3708421	3708421	0.0000	
L16_Bacillus_altitudinis	L16	GCF_013307105.1	GCF_013307105_1	ok	3755707	3755707	0.0000	
L16_Bacillus_altitudinis	L16	GCF_000353245.1	GCF_000353245_1	ok	3705643	3705643	0.0000	
L16_Bacillus_altitudinis	L16	GCF_030123125.1	GCF_030123125_1	ok	3797173	3797173	0.0000	
L16_Bacillus_altitudinis	L16	GCF_902500235.1	GCF_902500235_1	ok	3727231	3727231	0.0000	
L16_Bacillus_altitudinis	L16	GCF_026787485.1	GCF_026787485_1	ok	3667121	3667121	0.0000	
L16_Bacillus_altitudinis	L16	GCF_026787935.1	GCF_026787935_1	ok	3826067	3826067	0.0000	
L16_Bacillus_altitudinis	L16	GCA_020218125.1	GCA_020218125_1	ok	3674613	3674613	0.0000	
L16_Bacillus_altitudinis	L16	GCF_004563755.2	GCF_004563755_2	ok	3867833	3867833	0.0000	
L16_Bacillus_altitudinis	L16	GCF_949152375.1	GCF_949152375_1	ok	3789332	3789332	0.0000	
L16_Bacillus_altitudinis	L16	GCF_029894105.1	GCF_029894105_1	ok	3899111	3899111	0.0000	
L16_Bacillus_altitudinis	L16	GCF_013391605.1	GCF_013391605_1	ok	3794141	3794141	0.0000	
L16_Bacillus_altitudinis	L16	GCF_006007905.1	GCF_006007905_1	ok	3716092	3716092	0.0000	
L16_Bacillus_altitudinis	L16	GCA_020172045.1	GCA_020172045_1	ok	3674517	3674517	0.0000	
L16_Bacillus_altitudinis	L16	GCF_003400325.1	GCF_003400325_1	ok	3693643	3693643	0.0000	
L16_Bacillus_altitudinis	L16	GCF_001457015.1	GCF_001457015_1	ok	3615064	3615064	0.0000	
L16_Bacillus_altitudinis	L16	GCF_023714945.1	GCF_023714945_1	ok	3714328	3714328	0.0000	
L16_Bacillus_altitudinis	L16	GCF_000508145.1	GCF_000508145_1	ok	3681709	3681709	0.0000	
L16_Bacillus_altitudinis	L16	GCF_019311265.1	GCF_019311265_1	ok	3705556	3705556	0.0000	
L16_Bacillus_altitudinis	L16	GCF_026787695.1	GCF_026787695_1	ok	3627103	3627103	0.0000	
L16_Bacillus_altitudinis	L16	GCF_018128525.1	GCF_018128525_1	ok	3675079	3675079	0.0000	
L16_Bacillus_altitudinis	L16	GCF_000949525.1	GCF_000949525_1	ok	3812514	3812514	0.0000	
L16_Bacillus_altitudinis	L16	GCF_005849435.1	GCF_005849435_1	ok	3891368	3891368	0.0000	
L16_Bacillus_altitudinis	L16	GCF_902506075.1	GCF_902506075_1	ok	3837156	3837156	0.0000	
L16_Bacillus_altitudinis	L16	GCF_022700755.1	GCF_022700755_1	ok	3937910	3937910	0.0000	
L16_Bacillus_altitudinis	L16	GCF_030291995.1	GCF_030291995_1	ok	3919705	3919705	0.0000	
L16_Bacillus_altitudinis	L16	GCF_026786505.1	GCF_026786505_1	ok	3731239	3731239	0.0000	
L16_Bacillus_altitudinis	L16	GCF_000986655.1	GCF_000986655_1	ok	3634690	3634690	0.0000	
L16_Bacillus_altitudinis	L16	GCF_024380035.1	GCF_024380035_1	ok	3825696	3825696	0.0000	
L16_Bacillus_altitudinis	L16	GCF_024362715.1	GCF_024362715_1	ok	3951520	3951520	0.0000	
L16_Bacillus_altitudinis	L16	GCF_900094985.1	GCF_900094985_1	ok	3615064	3615064	0.0000	
L16_Bacillus_altitudinis	L16	GCF_001265125.1	GCF_001265125_1	ok	3693329	3693329	0.0000	
L16_Bacillus_altitudinis	L16	GCF_026787405.1	GCF_026787405_1	ok	3711755	3711755	0.0000	
L16_Bacillus_altitudinis	L16	GCF_001039015.1	GCF_001039015_1	ok	3689992	3689992	0.0000	
L16_Bacillus_altitudinis	L16	GCF_019036945.1	GCF_019036945_1	ok	3703577	3703577	0.0000	
L16_Bacillus_altitudinis	L16	GCA_019039005.1	GCA_019039005_1	ok	3639414	3639414	0.0000	
L16_Bacillus_altitudinis	L16	GCF_001191605.1	GCF_001191605_1	ok	3681784	3681784	0.0000	
L16_Bacillus_altitudinis	L16	GCA_019693775.1	GCA_019693775_1	ok	3817687	3817687	0.0000	
L16_Bacillus_altitudinis	L16	GCF_013391615.1	GCF_013391615_1	ok	3737950	3737950	0.0000	
L16_Bacillus_altitudinis	L16	GCF_014138805.1	GCF_014138805_1	ok	3702275	3702275	0.0000	
L16_Bacillus_altitudinis	L16	GCF_024397295.1	GCF_024397295_1	ok	3811827	3811827	0.0000	
L16_Bacillus_altitudinis	L16	GCF_023525275.1	GCF_023525275_1	ok	3648564	3648564	0.0000	
L16_Bacillus_altitudinis	L16	GCF_017948365.1	GCF_017948365_1	ok	3804206	3804206	0.0000	
L16_Bacillus_altitudinis	L16	GCA_029953515.1	GCA_029953515_1	ok	3754982	3754982	0.0000	
L16_Bacillus_altitudinis	L16	GCF_030016475.1	GCF_030016475_1	ok	3817728	3817728	0.0000	
L16_Bacillus_altitudinis	L16	GCF_001908475.1	GCF_001908475_1	ok	3740896	3740896	0.0000	
L16_Bacillus_altitudinis	L16	GCF_947497955.1	GCF_947497955_1	ok	3740041	3740041	0.0000	
L16_Bacillus_altitudinis	L16	GCA_020171425.1	GCA_020171425_1	ok	3731201	3731201	0.0000	
L16_Bacillus_altitudinis	L16	GCA_019748625.1	GCA_019748625_1	ok	3707186	3707186	0.0000	
L16_Bacillus_altitudinis	L16	GCF_026787165.1	GCF_026787165_1	ok	3713340	3713340	0.0000	
L16_Bacillus_altitudinis	L16	GCF_947488875.1	GCF_947488875_1	ok	3749556	3749556	0.0000	
L16_Bacillus_altitudinis	L16	GCF_026787425.1	GCF_026787425_1	ok	3712844	3712844	0.0000	
L16_Bacillus_altitudinis	L16	GCF_030062305.1	GCF_030062305_1	ok	3762390	3762390	0.0000	
L16_Bacillus_altitudinis	L16	GCA_019693755.1	GCA_019693755_1	ok	3817159	3817159	0.0000	
L16_Bacillus_altitudinis	L16	GCF_001578165.1	GCF_001578165_1	ok	3860091	3860091	0.0000	
L16_Bacillus_altitudinis	L16	GCF_001431145.1	GCF_001431145_1	ok	3793419	3793419	0.0000	
L16_Bacillus_altitudinis	L16	GCF_002571755.1	GCF_002571755_1	ok	3696995	3696995	0.0000	
L16_Bacillus_altitudinis	L16	GCF_026787505.1	GCF_026787505_1	ok	3721000	3721000	0.0000	
L16_Bacillus_altitudinis	L16	GCF_022819205.1	GCF_022819205_1	ok	3767351	3767351	0.0000	
L16_Bacillus_altitudinis	L16	GCF_007671735.1	GCF_007671735_1	ok	3691136	3691136	0.0000	
L16_Bacillus_altitudinis	L16	GCF_002443015.2	GCF_002443015_2	ok	3844795	3844795	0.0000	
L16_Bacillus_altitudinis	L16	GCF_007682105.1	GCF_007682105_1	ok	3916682	3916682	0.0000	
L16_Bacillus_altitudinis	L16	GCF_026787755.1	GCF_026787755_1	ok	3866019	3866019	0.0000	
L16_Bacillus_altitudinis	L16	GCF_012844145.1	GCF_012844145_1	ok	3868742	3868742	0.0000	
L16_Bacillus_altitudinis	L16	GCF_022803025.1	GCF_022803025_1	ok	3824497	3824497	0.0000	
L16_Bacillus_altitudinis	L16	GCF_000828455.1	GCF_000828455_1	ok	3719496	3719496	0.0000	
L16_Bacillus_altitudinis	L16	GCA_019350915.1	GCA_019350915_1	ok	3861250	3861250	0.0000	
L16_Bacillus_altitudinis	L16	GCF_023714965.1	GCF_023714965_1	ok	3727933	3727933	0.0000	
L16_Bacillus_altitudinis	L16	GCF_030645085.1	GCF_030645085_1	ok	3892599	3892599	0.0000	
L16_Bacillus_altitudinis	L16	GCF_024507855.1	GCF_024507855_1	ok	3762968	3762968	0.0000	
L16_Bacillus_altitudinis	L16	GCF_001038845.1	GCF_001038845_1	ok	3733110	3733110	0.0000	
L16_Bacillus_altitudinis	L16	GCF_028550655.1	GCF_028550655_1	ok	3714140	3714140	0.0000	
L16_Bacillus_altitudinis	L16	GCF_026787465.1	GCF_026787465_1	ok	3938180	3938180	0.0000	
L16_Bacillus_altitudinis	L16	GCF_018128575.1	GCF_018128575_1	ok	3670386	3670386	0.0000	
L16_Bacillus_altitudinis	L16	GCF_023714045.1	GCF_023714045_1	ok	3705254	3705254	0.0000	
L16_Bacillus_altitudinis	L16	GCF_027568435.1	GCF_027568435_1	ok	3788883	3788883	0.0000	
L16_Bacillus_altitudinis	L16	GCF_013131835.1	GCF_013131835_1	ok	3883973	3883973	0.0000	
L16_Bacillus_altitudinis	L16	GCA_002953695.1	GCA_002953695_1	ok	3751533	3751533	0.0000	
L16_Bacillus_altitudinis	L16	GCF_000590455.1	GCF_000590455_1	ok	3763493	3763493	0.0000	
L16_Bacillus_altitudinis	L16	GCF_003064485.1	GCF_003064485_1	ok	3628062	3628062	0.0000	
L16_Bacillus_altitudinis	L16	GCF_019164215.1	GCF_019164215_1	ok	3763082	3763082	0.0000	
L16_Bacillus_altitudinis	L16	GCF_030166595.1	GCF_030166595_1	ok	3753708	3753708	0.0000	
L16_Bacillus_altitudinis	L16	GCF_001029865.1	GCF_001029865_1	ok	3972159	3972159	0.0000	
L16_Bacillus_altitudinis	L16	GCF_004101925.1	GCF_004101925_1	ok	3829464	3829464	0.0000	
L16_Bacillus_altitudinis	L16	GCF_018128625.1	GCF_018128625_1	ok	3679259	3679259	0.0000	
L16_Bacillus_altitudinis	L16	GCF_001043795.1	GCF_001043795_1	ok	3687890	3687890	0.0000	
L16_Bacillus_altitudinis	L16	GCF_026787325.1	GCF_026787325_1	ok	3798571	3798571	0.0000	
L16_Bacillus_altitudinis	L16	GCF_026787185.1	GCF_026787185_1	ok	3702871	3702871	0.0000	
L16_Bacillus_altitudinis	L16	GCF_016807685.1	GCF_016807685_1	ok	3781168	3781168	0.0000	
L16_Bacillus_altitudinis	L16	GCF_026787385.1	GCF_026787385_1	ok	3695084	3695084	0.0000	
L16_Bacillus_altitudinis	L16	GCA_020172015.1	GCA_020172015_1	ok	3717952	3717952	0.0000	
L16_Bacillus_altitudinis	L16	GCF_001896335.1	GCF_001896335_1	ok	3747257	3747257	0.0000	
L16_Bacillus_altitudinis	L16	GCF_000701305.1	GCF_000701305_1	ok	3718149	3718149	0.0000	
L16_Bacillus_altitudinis	L16	GCA_030385675.1	GCA_030385675_1	ok	3805603	3805603	0.0000	
L16_Bacillus_altitudinis	L16	GCF_002797105.1	GCF_002797105_1	ok	3739340	3739340	0.0000	
L16_Bacillus_altitudinis	L16	GCF_003160715.1	GCF_003160715_1	ok	3688424	3688424	0.0000	
L16_Bacillus_altitudinis	L16	GCF_027594585.1	GCF_027594585_1	ok	3732726	3732726	0.0000	
L16_Bacillus_altitudinis	L16	GCF_007681095.1	GCF_007681095_1	ok	3723350	3723350	0.0000	
L16_Bacillus_altitudinis	L16	GCF_005144805.1	GCF_005144805_1	ok	3762691	3762691	0.0000	
L16_Bacillus_altitudinis	L16	GCF_000299555.2	GCF_000299555_2	ok	3755709	3755709	0.0000	
L16_Bacillus_altitudinis	L16	GCF_019037255.1	GCF_019037255_1	ok	3754660	3754660	0.0000	
L16_Bacillus_altitudinis	L16	GCF_026786855.1	GCF_026786855_1	ok	3711784	3711784	0.0000	
L16_Bacillus_altitudinis	L16	GCF_011800395.1	GCF_011800395_1	ok	3722775	3722775	0.0000	
L16_Bacillus_altitudinis	L16	GCF_027215635.1	GCF_027215635_1	ok	3744885	3744885	0.0000	
L16_Bacillus_altitudinis	L16	GCF_002753875.2	GCF_002753875_2	ok	3738419	3738419	0.0000	
L16_Bacillus_altitudinis	L16	GCF_028821655.1	GCF_028821655_1	ok	3695387	3695387	0.0000	
L16_Bacillus_altitudinis	L16	GCF_011067205.1	GCF_011067205_1	ok	4041532	4041532	0.0000	
L16_Bacillus_altitudinis	L16	GCF_900188195.1	GCF_900188195_1	ok	3717231	3717231	0.0000	
L16_Bacillus_altitudinis	L16	GCF_002741745.1	GCF_002741745_1	ok	3765752	3765752	0.0000	
L16_Bacillus_altitudinis	L16	GCF_029537175.1	GCF_029537175_1	ok	3853736	3853736	0.0000	
L16_Bacillus_altitudinis	L16	GCF_007676435.1	GCF_007676435_1	ok	3778594	3778594	0.0000	
L16_Bacillus_altitudinis	L16	GCF_000972685.1	GCF_000972685_1	ok	3745123	3745123	0.0000	
L16_Bacillus_altitudinis	L16	GCF_022570695.1	GCF_022570695_1	ok	3727518	3727518	0.0000	
L16_Bacillus_altitudinis	L16	GCF_026787965.1	GCF_026787965_1	ok	3695096	3695096	0.0000	
L16_Bacillus_altitudinis	L16	GCF_018128565.1	GCF_018128565_1	ok	3641582	3641582	0.0000	
L16_Bacillus_altitudinis	L16	GCA_031316515.1	GCA_031316515_1	ok	3702921	3702921	0.0000	
L16_Bacillus_altitudinis	L16	GCF_000691145.1	GCF_000691145_1	ok	3678935	3678935	0.0000	
L16_Bacillus_altitudinis	L16	GCF_026787265.1	GCF_026787265_1	ok	3677418	3677418	0.0000	
L16_Bacillus_altitudinis	L16	GCF_001038775.1	GCF_001038775_1	ok	3702000	3702000	0.0000	
L16_Bacillus_altitudinis	L16	GCF_018128585.1	GCF_018128585_1	ok	3673513	3673513	0.0000	
L16_Bacillus_altitudinis	L16	GCF_000264255.1	GCF_000264255_1	ok	3795647	3795647	0.0000	
L16_Bacillus_altitudinis	L16	GCF_030271195.1	GCF_030271195_1	ok	3635805	3635805	0.0000	
L16_Bacillus_altitudinis	L16	GCF_001038915.1	GCF_001038915_1	ok	3700415	3700415	0.0000	
L16_Bacillus_altitudinis	L16	GCF_026787145.1	GCF_026787145_1	ok	3721078	3721078	0.0000	
L16_Bacillus_altitudinis	L16	GCF_018128635.1	GCF_018128635_1	ok	3835941	3835941	0.0000	
L16_Bacillus_altitudinis	L16	GCF_000225935.1	GCF_000225935_1	ok	3692856	3692856	0.0000	
L16_Bacillus_altitudinis	L16	GCF_024807925.1	GCF_024807925_1	ok	3744822	3744822	0.0000	
L16_Bacillus_altitudinis	L16	GCF_001426125.1	GCF_001426125_1	ok	3934505	3934505	0.0000	
L16_Bacillus_altitudinis	L16	GCF_021654615.1	GCF_021654615_1	ok	3715529	3715529	0.0000	
L16_Bacillus_altitudinis	L16	GCF_024262145.1	GCF_024262145_1	ok	3714049	3714049	0.0000	
L16_Bacillus_altitudinis	L16	GCF_026787245.1	GCF_026787245_1	ok	3808571	3808571	0.0000	
L16_Bacillus_altitudinis	L16	GCF_001700735.1	GCF_001700735_1	ok	3792999	3792999	0.0000	
L16_Bacillus_altitudinis	L16	GCF_007681315.1	GCF_007681315_1	ok	3764965	3764965	0.0000	
L16_Bacillus_altitudinis	L16	GCF_030348255.1	GCF_030348255_1	ok	3871190	3871190	0.0000	
L16_Bacillus_altitudinis	L16	GCF_902506045.1	GCF_902506045_1	ok	3846638	3846638	0.0000	
L16_Bacillus_altitudinis	L16	GCF_001431785.1	GCF_001431785_1	ok	3787818	3787818	0.0000	
L16_Bacillus_altitudinis	L16	GCF_007923025.1	GCF_007923025_1	ok	3748650	3748650	0.0000	
L16_Bacillus_altitudinis	L16	GCF_001687085.1	GCF_001687085_1	ok	3659360	3659360	0.0000	
L16_Bacillus_altitudinis	L16	GCF_020165935.1	GCF_020165935_1	ok	3768026	3768026	0.0000	
L16_Bacillus_altitudinis	L16	GCF_007681425.1	GCF_007681425_1	ok	3688696	3688696	0.0000	
L16_Bacillus_altitudinis	L16	GCF_026787745.1	GCF_026787745_1	ok	3719218	3719218	0.0000	
L16_Bacillus_altitudinis	L16	GCF_002077245.1	GCF_002077245_1	ok	3628496	3628496	0.0000	
L16_Bacillus_altitudinis	L16	GCF_900411365.1	GCF_900411365_1	ok	3690614	3690614	0.0000	
L12_Peribacillus_frigoritolerans	L12	GCF_021537535.1	GCF_021537535_1	ok	5892443	5892443	0.0000	
L12_Peribacillus_frigoritolerans	L12	GCA_002553175.1	GCA_002553175_1	ok	5402759	5402759	0.0000	
L12_Peribacillus_frigoritolerans	L12	GCF_022394675.1	GCF_022394675_1	ok	5568581	5568581	0.0000	
L12_Peribacillus_frigoritolerans	L12	GCF_029222345.1	GCF_029222345_1	ok	5575529	5575529	0.0000	
L12_Peribacillus_frigoritolerans	L12	GCA_014841365.1	GCA_014841365_1	ok	5965991	5965991	0.0000	
L12_Peribacillus_frigoritolerans	L12	GCF_004525735.1	GCF_004525735_1	ok	5471331	5471331	0.0000	
L12_Peribacillus_frigoritolerans	L12	GCF_018613455.1	GCF_018613455_1	ok	5670869	5670869	0.0000	
L12_Peribacillus_frigoritolerans	L12	GCF_023502825.1	GCF_023502825_1	ok	5820098	5820098	0.0000	
L12_Peribacillus_frigoritolerans	L12	GCF_026795095.1	GCF_026795095_1	ok	5339825	5339825	0.0000	
L12_Peribacillus_frigoritolerans	L12	GCA_001429835.1	GCA_001429835_1	ok	5433739	5433739	0.0000	
L12_Peribacillus_frigoritolerans	L12	GCA_002351505.1	GCA_002351505_1	ok	5516951	5516951	0.0000	
L12_Peribacillus_frigoritolerans	L12	GCF_023714145.1	GCF_023714145_1	ok	5714308	5714308	0.0000	
L12_Peribacillus_frigoritolerans	L12	GCF_023502945.1	GCF_023502945_1	ok	5830871	5830871	0.0000	
L12_Peribacillus_frigoritolerans	L12	GCA_030804025.1	GCA_030804025_1	ok	5587248	5587248	0.0000	
L12_Peribacillus_frigoritolerans	L12	GCA_016757415.1	GCA_016757415_1	ok	5645431	5645431	0.0000	
L12_Peribacillus_frigoritolerans	L12	GCF_004006475.1	GCF_004006475_1	ok	5475560	5475560	0.0000	
L12_Peribacillus_frigoritolerans	L12	GCF_001636405.1	GCF_001636405_1	ok	5460250	5460250	0.0000	
L12_Peribacillus_frigoritolerans	L12	GCF_024758165.1	GCF_024758165_1	ok	5539937	5539937	0.0000	
L12_Peribacillus_frigoritolerans	L12	GCF_030292075.1	GCF_030292075_1	ok	5525235	5525235	0.0000	
L12_Peribacillus_frigoritolerans	L12	GCA_001277355.1	GCA_001277355_1	ok	5537020	5537020	0.0000	
L12_Peribacillus_frigoritolerans	L12	GCA_002998155.1	GCA_002998155_1	ok	5459791	5459791	0.0000	
L12_Peribacillus_frigoritolerans	L12	GCF_014876615.1	GCF_014876615_1	ok	5521524	5521524	0.0000	
L12_Peribacillus_frigoritolerans	L12	GCF_014876505.1	GCF_014876505_1	ok	5479397	5479397	0.0000	
L12_Peribacillus_frigoritolerans	L12	GCF_024169475.1	GCF_024169475_1	ok	5498187	5498187	0.0000	
L12_Peribacillus_frigoritolerans	L12	GCA_001636485.1	GCA_001636485_1	ok	5713881	5713881	0.0000	
L12_Peribacillus_frigoritolerans	L12	GCF_030348785.1	GCF_030348785_1	ok	5623000	5623000	0.0000	
L12_Peribacillus_frigoritolerans	L12	GCF_025142885.1	GCF_025142885_1	ok	5771871	5771871	0.0000	
L12_Peribacillus_frigoritolerans	L12	GCA_021012855.1	GCA_021012855_1	ok	5743707	5743707	0.0000	
L12_Peribacillus_frigoritolerans	L12	GCF_021728995.1	GCF_021728995_1	ok	5798260	5798260	0.0000	
L12_Peribacillus_frigoritolerans	L12	GCF_018613475.1	GCF_018613475_1	ok	5824562	5824562	0.0000	
L12_Peribacillus_frigoritolerans	L12	GCA_002581115.1	GCA_002581115_1	ok	5358715	5358715	0.0000	
L12_Peribacillus_frigoritolerans	L12	GCA_001277335.1	GCA_001277335_1	ok	5479501	5479501	0.0000	
L12_Peribacillus_frigoritolerans	L12	GCF_029625965.1	GCF_029625965_1	ok	5501241	5501241	0.0000	
L12_Peribacillus_frigoritolerans	L12	GCF_023823995.1	GCF_023823995_1	ok	5517519	5517519	0.0000	
L12_Peribacillus_frigoritolerans	L12	GCF_030122905.1	GCF_030122905_1	ok	5501225	5501225	0.0000	
L12_Peribacillus_frigoritolerans	L12	GCF_025548515.1	GCF_025548515_1	ok	5609273	5609273	0.0000	
L12_Peribacillus_frigoritolerans	L12	GCA_019443385.1	GCA_019443385_1	excluido	NA	5836179	NA	rotulo NCBI de otro filo (Brevibacterium sp. PAMC21349, Actinomycetota) en el cluster GTDB de Peribacillus frigoritolerans: riesgo de ensamblaje quimerico o contaminado
L12_Peribacillus_frigoritolerans	L12	GCA_002287755.1	GCA_002287755_1	ok	5443754	5443754	0.0000	
L12_Peribacillus_frigoritolerans	L12	GCA_900000145.1	GCA_900000145_1	ok	5983568	5983568	0.0000	
L12_Peribacillus_frigoritolerans	L12	GCF_018613135.1	GCF_018613135_1	ok	5478944	5478944	0.0000	
L12_Peribacillus_frigoritolerans	L12	GCA_014839555.1	GCA_014839555_1	ok	5441368	5441368	0.0000	
L12_Peribacillus_frigoritolerans	L12	GCF_007828935.1	GCF_007828935_1	ok	5331395	5331395	0.0000	
L12_Peribacillus_frigoritolerans	L12	GCF_026013865.1	GCF_026013865_1	ok	5461205	5461205	0.0000	
L12_Peribacillus_frigoritolerans	L12	GCF_024733505.1	GCF_024733505_1	ok	5332774	5332774	0.0000	
L12_Peribacillus_frigoritolerans	L12	GCF_023502885.1	GCF_023502885_1	ok	5452963	5452963	0.0000	
L12_Peribacillus_frigoritolerans	L12	GCF_014876555.1	GCF_014876555_1	ok	5522377	5522377	0.0000	
L12_Peribacillus_frigoritolerans	L12	GCA_004358745.1	GCA_004358745_1	excluido	NA	5792187	NA	rotulo NCBI de otro filo (Vibrio vulnificus, Pseudomonadota) en el cluster GTDB de Peribacillus frigoritolerans: riesgo de ensamblaje quimerico o contaminado
L12_Peribacillus_frigoritolerans	L12	GCF_024159205.1	GCF_024159205_1	ok	5795782	5795782	0.0000	
L12_Peribacillus_frigoritolerans	L12	GCA_001636475.1	GCA_001636475_1	ok	6494937	6494937	0.0000	
L12_Peribacillus_frigoritolerans	L12	GCF_030122925.1	GCF_030122925_1	ok	5436505	5436505	0.0000	
L12_Peribacillus_frigoritolerans	L12	GCF_030348515.1	GCF_030348515_1	ok	6015255	6015255	0.0000	
L12_Peribacillus_frigoritolerans	L12	GCA_002557105.1	GCA_002557105_1	ok	5403429	5403429	0.0000	
L12_Peribacillus_frigoritolerans	L12	GCF_030348775.1	GCF_030348775_1	ok	5595385	5595385	0.0000	
L12_Peribacillus_frigoritolerans	L12	GCF_023823955.1	GCF_023823955_1	ok	5654626	5654626	0.0000	
L12_Peribacillus_frigoritolerans	L12	GCF_023502905.1	GCF_023502905_1	ok	5428478	5428478	0.0000	
L12_Peribacillus_frigoritolerans	L12	GCA_019748875.1	GCA_019748875_1	ok	5502680	5502680	0.0000	
L12_Peribacillus_frigoritolerans	L12	GCF_026794285.1	GCF_026794285_1	ok	5457394	5457394	0.0000	
L12_Peribacillus_frigoritolerans	L12	GCF_022603155.1	GCF_022603155_1	ok	5521551	5521551	0.0000	
L12_Peribacillus_frigoritolerans	L12	GCA_002979275.1	GCA_002979275_1	ok	5863830	5863830	0.0000	
L12_Peribacillus_frigoritolerans	L12	GCF_014876545.1	GCF_014876545_1	ok	5486174	5486174	0.0000	
L12_Peribacillus_frigoritolerans	L12	GCF_023823915.1	GCF_023823915_1	ok	6294968	6294968	0.0000	
L12_Peribacillus_frigoritolerans	L12	GCA_014303195.1	GCA_014303195_1	excluido	NA	5627646	NA	rotulo NCBI de otro filo (Brevibacterium sp. PAMC23299, Actinomycetota) en el cluster GTDB de Peribacillus frigoritolerans: riesgo de ensamblaje quimerico o contaminado
L12_Peribacillus_frigoritolerans	L12	GCA_018613485.1	GCA_018613485_1	ok	5629610	5629610	0.0000	
L12_Peribacillus_frigoritolerans	L12	GCF_030123165.1	GCF_030123165_1	ok	5451292	5451292	0.0000	
L12_Peribacillus_frigoritolerans	L12	GCF_026891895.1	GCF_026891895_1	ok	5482853	5482853	0.0000	
L12_Peribacillus_frigoritolerans	L12	GCF_025960625.1	GCF_025960625_1	ok	5781076	5781076	0.0000	
L12_Peribacillus_frigoritolerans	L12	GCA_024160055.1	GCA_024160055_1	ok	5490412	5490412	0.0000	
L12_Peribacillus_frigoritolerans	L12	GCF_014876495.1	GCF_014876495_1	ok	5574407	5574407	0.0000	
L12_Peribacillus_frigoritolerans	L12	GCA_002276655.1	GCA_002276655_1	ok	5852461	5852461	0.0000	
L12_Peribacillus_frigoritolerans	L12	GCA_000785385.1	GCA_000785385_1	ok	5542549	5542549	0.0000	
L12_Peribacillus_frigoritolerans	L12	GCF_026794655.1	GCF_026794655_1	ok	5554127	5554127	0.0000	
L12_Peribacillus_frigoritolerans	L12	GCF_014876535.1	GCF_014876535_1	ok	5513455	5513455	0.0000	
L8_Acinetobacter_schindleri	L8	GCF_025514435.1	GCF_025514435_1	ok	3433592	3433592	0.0000	
L8_Acinetobacter_schindleri	L8	GCF_010919095.1	GCF_010919095_1	ok	3320700	3320700	0.0000	
L8_Acinetobacter_schindleri	L8	GCF_010918895.1	GCF_010918895_1	ok	3337186	3337186	0.0000	
L8_Acinetobacter_schindleri	L8	GCF_001077515.1	GCF_001077515_1	ok	3416321	3416321	0.0000	
L8_Acinetobacter_schindleri	L8	GCF_007833615.1	GCF_007833615_1	ok	3258703	3258703	0.0000	
L8_Acinetobacter_schindleri	L8	GCA_022832955.1	GCA_022832955_1	ok	3443157	3443157	0.0000	
L8_Acinetobacter_schindleri	L8	GCF_000301815.1	GCF_000301815_1	ok	3197027	3197027	0.0000	
L8_Acinetobacter_schindleri	L8	GCF_002919885.1	GCF_002919885_1	ok	3446532	3446532	0.0000	
L8_Acinetobacter_schindleri	L8	GCF_000368465.1	GCF_000368465_1	ok	3414896	3414896	0.0000	
L8_Acinetobacter_schindleri	L8	GCF_003289665.1	GCF_003289665_1	ok	2969145	2969145	0.0000	
L8_Acinetobacter_schindleri	L8	GCF_000264725.1	GCF_000264725_1	ok	3125085	3125085	0.0000	
L8_Acinetobacter_schindleri	L8	GCF_003069395.1	GCF_003069395_1	ok	3157970	3157970	0.0000	
L8_Acinetobacter_schindleri	L8	GCF_014204595.1	GCF_014204595_1	ok	3171976	3171976	0.0000	
L8_Acinetobacter_schindleri	L8	GCF_028657965.1	GCF_028657965_1	ok	3332387	3332387	0.0000	
L8_Acinetobacter_schindleri	L8	GCF_002918965.1	GCF_002918965_1	ok	3463366	3463366	0.0000	
L8_Acinetobacter_schindleri	L8	GCF_000368625.1	GCF_000368625_1	ok	3394558	3394558	0.0000	
L8_Acinetobacter_schindleri	L8	GCF_030973565.1	GCF_030973565_1	ok	3333112	3333112	0.0000	
L8_Acinetobacter_schindleri	L8	GCF_010918635.1	GCF_010918635_1	ok	3376106	3376106	0.0000	
L8_Acinetobacter_schindleri	L8	GCF_003072585.2	GCF_003072585_2	ok	3244663	3244663	0.0000	
L8_Acinetobacter_schindleri	L8	GCA_013420325.1	GCA_013420325_1	ok	3419192	3419192	0.0000	
L8_Acinetobacter_schindleri	L8	GCF_023218135.1	GCF_023218135_1	ok	3262646	3262646	0.0000	
L8_Acinetobacter_schindleri	L8	GCF_000369585.1	GCF_000369585_1	ok	3205996	3205996	0.0000	
L8_Acinetobacter_schindleri	L8	GCF_030678615.1	GCF_030678615_1	ok	3117264	3117264	0.0000	
L8_Acinetobacter_schindleri	L8	GCF_025513595.1	GCF_025513595_1	ok	3383251	3383251	0.0000	
L8_Acinetobacter_schindleri	L8	GCF_024129565.1	GCF_024129565_1	ok	3140937	3140937	0.0000	
L8_Acinetobacter_schindleri	L8	GCF_001866125.1	GCF_001866125_1	ok	3134118	3134118	0.0000	
L8_Acinetobacter_schindleri	L8	GCF_001485065.1	GCF_001485065_1	ok	3244085	3244085	0.0000	
L8_Acinetobacter_schindleri	L8	GCF_001971565.1	GCF_001971565_1	ok	3268053	3268053	0.0000	
L8_Acinetobacter_schindleri	L8	GCF_027942235.1	GCF_027942235_1	ok	3265024	3265024	0.0000	
L9_Priestia_flexa	L9	GCF_020176725.1	GCF_020176725_1	ok	3963276	3963276	0.0000	
L9_Priestia_flexa	L9	GCF_030122985.1	GCF_030122985_1	ok	3817052	3817052	0.0000	
L9_Priestia_flexa	L9	GCF_000612165.1	GCF_000612165_1	ok	4254248	4254248	0.0000	
L9_Priestia_flexa	L9	GCF_900156115.1	GCF_900156115_1	ok	3903958	3903958	0.0000	
L9_Priestia_flexa	L9	GCF_021441905.1	GCF_021441905_1	ok	3999911	3999911	0.0000	
L9_Priestia_flexa	L9	GCF_020171645.1	GCF_020171645_1	ok	3946942	3946942	0.0000	
L9_Priestia_flexa	L9	GCF_002024265.1	GCF_002024265_1	ok	4104242	4104242	0.0000	
L9_Priestia_flexa	L9	GCF_947499335.1	GCF_947499335_1	ok	4078168	4078168	0.0000	
L9_Priestia_flexa	L9	GCF_022346455.1	GCF_022346455_1	ok	3977206	3977206	0.0000	
L9_Priestia_flexa	L9	GCF_010577965.1	GCF_010577965_1	ok	3696499	3696499	0.0000	
L9_Priestia_flexa	L9	GCF_003583265.1	GCF_003583265_1	ok	3463842	3463842	0.0000	
L9_Priestia_flexa	L9	GCF_020524795.1	GCF_020524795_1	ok	4015385	4015385	0.0000	
L9_Priestia_flexa	L9	GCF_007678225.1	GCF_007678225_1	ok	3862788	3862788	0.0000	
L9_Priestia_flexa	L9	GCF_947503185.1	GCF_947503185_1	ok	4076396	4076396	0.0000	
L9_Priestia_flexa	L9	GCF_019801725.1	GCF_019801725_1	ok	3994729	3994729	0.0000	
L9_Priestia_flexa	L9	GCF_007678245.1	GCF_007678245_1	ok	3860945	3860945	0.0000	
L9_Priestia_flexa	L9	GCF_947495185.1	GCF_947495185_1	ok	3822694	3822694	0.0000	
L9_Priestia_flexa	L9	GCF_001614195.1	GCF_001614195_1	ok	3921583	3921583	0.0000	
L9_Priestia_flexa	L9	GCF_001457055.1	GCF_001457055_1	ok	4114189	4114189	0.0000	
L9_Priestia_flexa	L9	GCF_017303205.1	GCF_017303205_1	ok	3949664	3949664	0.0000	
L9_Priestia_flexa	L9	GCF_017303255.1	GCF_017303255_1	ok	4074398	4074398	0.0000	
L9_Priestia_flexa	L9	GCF_023714855.1	GCF_023714855_1	ok	3866902	3866902	0.0000	
L9_Priestia_flexa	L9	GCF_024159305.1	GCF_024159305_1	ok	4111671	4111671	0.0000	
L9_Priestia_flexa	L9	GCF_005577315.1	GCF_005577315_1	ok	4018990	4018990	0.0000	
L9_Priestia_flexa	L9	GCF_947496585.1	GCF_947496585_1	ok	4071111	4071111	0.0000	
L9_Priestia_flexa	L9	GCF_001591565.1	GCF_001591565_1	ok	3906163	3906163	0.0000	
L9_Priestia_flexa	L9	GCF_022559225.1	GCF_022559225_1	ok	4131040	4131040	0.0000	
L9_Priestia_flexa	L9	GCF_900094875.1	GCF_900094875_1	ok	4114189	4114189	0.0000	
L9_Priestia_flexa	L9	GCF_029536875.1	GCF_029536875_1	ok	3993637	3993637	0.0000	
L11_Staphylococcus_warneri_A	L11	GCF_003578955.1	GCF_003578955_1	ok	2444080	2444080	0.0000	
L11_Staphylococcus_warneri_A	L11	GCF_003850105.1	GCF_003850105_1	ok	2466813	2466813	0.0000	
L11_Staphylococcus_warneri_A	L11	GCF_003491325.1	GCF_003491325_1	ok	2438350	2438350	0.0000	
L11_Staphylococcus_warneri_A	L11	GCF_022688765.1	GCF_022688765_1	ok	2523508	2523508	0.0000	
L11_Staphylococcus_warneri_A	L11	GCF_003041335.1	GCF_003041335_1	ok	2386157	2386157	0.0000	
L11_Staphylococcus_warneri_A	L11	GCF_030177215.1	GCF_030177215_1	ok	2433960	2433960	0.0000	
L11_Staphylococcus_warneri_A	L11	GCF_017315555.1	GCF_017315555_1	ok	2506006	2506006	0.0000	
L11_Staphylococcus_warneri_A	L11	GCF_003041355.1	GCF_003041355_1	ok	2603562	2603562	0.0000	
L11_Staphylococcus_warneri_A	L11	GCF_017086425.1	GCF_017086425_1	ok	2438595	2438595	0.0000	
L11_Staphylococcus_warneri_A	L11	GCF_021189295.1	GCF_021189295_1	ok	2446622	2446622	0.0000	
L11_Staphylococcus_warneri_A	L11	GCF_003850145.1	GCF_003850145_1	ok	2555201	2555201	0.0000	
L11_Staphylococcus_warneri_A	L11	GCA_001940625.1	GCA_001940625_1	ok	2443396	2443396	0.0000	
L11_Staphylococcus_warneri_A	L11	GCF_003043235.1	GCF_003043235_1	ok	2599545	2599545	0.0000	
L11_Staphylococcus_warneri_A	L11	GCF_022815285.1	GCF_022815285_1	ok	2466249	2466249	0.0000	
L11_Staphylococcus_warneri_A	L11	GCF_003041575.1	GCF_003041575_1	ok	2538016	2538016	0.0000	
L11_Staphylococcus_warneri_A	L11	GCF_001074135.1	GCF_001074135_1	ok	2317616	2317616	0.0000	
L11_Staphylococcus_warneri_A	L11	GCF_021189315.1	GCF_021189315_1	ok	2446223	2446223	0.0000	
L11_Staphylococcus_warneri_A	L11	GCF_003043215.1	GCF_003043215_1	ok	2486626	2486626	0.0000	
L11_Staphylococcus_warneri_A	L11	GCF_003042745.1	GCF_003042745_1	ok	2489181	2489181	0.0000	
L11_Staphylococcus_warneri_A	L11	GCF_000175175.1	GCF_000175175_1	ok	2425653	2425653	0.0000	
L11_Staphylococcus_warneri_A	L11	GCF_003041375.1	GCF_003041375_1	ok	2382207	2382207	0.0000	
L11_Staphylococcus_warneri_A	L11	GCF_013267715.1	GCF_013267715_1	ok	2460001	2460001	0.0000	
L11_Staphylococcus_warneri_A	L11	GCF_003579215.1	GCF_003579215_1	ok	2597906	2597906	0.0000	
L11_Staphylococcus_warneri_A	L11	GCF_003579165.1	GCF_003579165_1	ok	2603290	2603290	0.0000	
L18_Cytobacillus_firmus_B	L18	GCF_019801595.1	GCF_019801595_1	ok	4889663	4889663	0.0000	
L18_Cytobacillus_firmus_B	L18	GCF_030123345.1	GCF_030123345_1	ok	5085204	5085204	0.0000	
L18_Cytobacillus_firmus_B	L18	GCF_020524225.1	GCF_020524225_1	ok	5166491	5166491	0.0000	
L18_Cytobacillus_firmus_B	L18	GCF_030123225.1	GCF_030123225_1	ok	5004067	5004067	0.0000	
L18_Cytobacillus_firmus_B	L18	GCA_023197125.1	GCA_023197125_1	ok	4860704	4860704	0.0000	
L18_Cytobacillus_firmus_B	L18	GCF_015844875.1	GCF_015844875_1	ok	5652295	5652295	0.0000	
L18_Cytobacillus_firmus_B	L18	GCF_023657595.1	GCF_023657595_1	ok	4981461	4981461	0.0000	
L18_Cytobacillus_firmus_B	L18	GCF_025467715.1	GCF_025467715_1	ok	5137666	5137666	0.0000	
L18_Cytobacillus_firmus_B	L18	GCF_015880935.1	GCF_015880935_1	ok	5091941	5091941	0.0000	
L18_Cytobacillus_firmus_B	L18	GCF_947496675.1	GCF_947496675_1	ok	5123457	5123457	0.0000	
L18_Cytobacillus_firmus_B	L18	GCF_023823815.1	GCF_023823815_1	ok	5268767	5268767	0.0000	
L18_Cytobacillus_firmus_B	L18	GCF_025732135.1	GCF_025732135_1	ok	5353076	5353076	0.0000	
L18_Cytobacillus_firmus_B	L18	GCF_001038755.1	GCF_001038755_1	ok	4717984	4717984	0.0000	
L18_Cytobacillus_firmus_B	L18	GCF_010628845.1	GCF_010628845_1	ok	4943639	4943639	0.0000	
L18_Cytobacillus_firmus_B	L18	GCF_020739485.1	GCF_020739485_1	ok	4994267	4994267	0.0000	
L18_Cytobacillus_firmus_B	L18	GCF_020524945.1	GCF_020524945_1	ok	5166060	5166060	0.0000	
L18_Cytobacillus_firmus_B	L18	GCF_015880905.1	GCF_015880905_1	ok	5009386	5009386	0.0000	
L18_Cytobacillus_firmus_B	L18	GCF_024753035.1	GCF_024753035_1	ok	4887464	4887464	0.0000	
