id	fasta	tipo	slug	genoma_original
GCF_029894105_1	/home/eduardo.tello/estela/fase3/data/refs/L16_Bacillus_altitudinis/GCF_029894105_1.fna	ref	L16_Bacillus_altitudinis	GCF_029894105.1
GCF_000691145_1	/home/eduardo.tello/estela/fase3/data/refs/L16_Bacillus_altitudinis/GCF_000691145_1.fna	ref	L16_Bacillus_altitudinis	GCF_000691145.1
GCF_010747395_1	/home/eduardo.tello/estela/fase3/data/refs/L16_Bacillus_altitudinis/GCF_010747395_1.fna	ref	L16_Bacillus_altitudinis	GCF_010747395.1
GCF_001687085_1	/home/eduardo.tello/estela/fase3/data/refs/L16_Bacillus_altitudinis/GCF_001687085_1.fna	ref	L16_Bacillus_altitudinis	GCF_001687085.1
GCF_003946835_1	/home/eduardo.tello/estela/fase3/data/refs/L16_Bacillus_altitudinis/GCF_003946835_1.fna	ref	L16_Bacillus_altitudinis	GCF_003946835.1
GCF_023525275_1	/home/eduardo.tello/estela/fase3/data/refs/L16_Bacillus_altitudinis/GCF_023525275_1.fna	ref	L16_Bacillus_altitudinis	GCF_023525275.1
GCF_024134705_1	/home/eduardo.tello/estela/fase3/data/refs/L16_Bacillus_altitudinis/GCF_024134705_1.fna	ref	L16_Bacillus_altitudinis	GCF_024134705.1
GCF_000789425_2	/home/eduardo.tello/estela/fase3/data/refs/L16_Bacillus_altitudinis/GCF_000789425_2.fna	ref	L16_Bacillus_altitudinis	GCF_000789425.2
GCF_000972685_1	/home/eduardo.tello/estela/fase3/data/refs/L16_Bacillus_altitudinis/GCF_000972685_1.fna	ref	L16_Bacillus_altitudinis	GCF_000972685.1
GCF_023502445_1	/home/eduardo.tello/estela/fase3/data/refs/L16_Bacillus_altitudinis/GCF_023502445_1.fna	ref	L16_Bacillus_altitudinis	GCF_023502445.1
GCA_002953695_1	/home/eduardo.tello/estela/fase3/data/refs/L16_Bacillus_altitudinis/GCA_002953695_1.fna	ref	L16_Bacillus_altitudinis	GCA_002953695.1
GCF_026786505_1	/home/eduardo.tello/estela/fase3/data/refs/L16_Bacillus_altitudinis/GCF_026786505_1.fna	ref	L16_Bacillus_altitudinis	GCF_026786505.1
GCF_026787755_1	/home/eduardo.tello/estela/fase3/data/refs/L16_Bacillus_altitudinis/GCF_026787755_1.fna	ref	L16_Bacillus_altitudinis	GCF_026787755.1
GCF_011067205_1	/home/eduardo.tello/estela/fase3/data/refs/L16_Bacillus_altitudinis/GCF_011067205_1.fna	ref	L16_Bacillus_altitudinis	GCF_011067205.1
GCF_002571755_1	/home/eduardo.tello/estela/fase3/data/refs/L16_Bacillus_altitudinis/GCF_002571755_1.fna	ref	L16_Bacillus_altitudinis	GCF_002571755.1
GCF_004101925_1	/home/eduardo.tello/estela/fase3/data/refs/L16_Bacillus_altitudinis/GCF_004101925_1.fna	ref	L16_Bacillus_altitudinis	GCF_004101925.1
GCF_021654615_1	/home/eduardo.tello/estela/fase3/data/refs/L16_Bacillus_altitudinis/GCF_021654615_1.fna	ref	L16_Bacillus_altitudinis	GCF_021654615.1
GCF_902500235_1	/home/eduardo.tello/estela/fase3/data/refs/L16_Bacillus_altitudinis/GCF_902500235_1.fna	ref	L16_Bacillus_altitudinis	GCF_902500235.1
GCF_026787465_1	/home/eduardo.tello/estela/fase3/data/refs/L16_Bacillus_altitudinis/GCF_026787465_1.fna	ref	L16_Bacillus_altitudinis	GCF_026787465.1
GCF_015160895_1	/home/eduardo.tello/estela/fase3/data/refs/L16_Bacillus_altitudinis/GCF_015160895_1.fna	ref	L16_Bacillus_altitudinis	GCF_015160895.1
GCA_029953515_1	/home/eduardo.tello/estela/fase3/data/refs/L16_Bacillus_altitudinis/GCA_029953515_1.fna	ref	L16_Bacillus_altitudinis	GCA_029953515.1
GCF_026787325_1	/home/eduardo.tello/estela/fase3/data/refs/L16_Bacillus_altitudinis/GCF_026787325_1.fna	ref	L16_Bacillus_altitudinis	GCF_026787325.1
GCF_028550655_1	/home/eduardo.tello/estela/fase3/data/refs/L16_Bacillus_altitudinis/GCF_028550655_1.fna	ref	L16_Bacillus_altitudinis	GCF_028550655.1
GCF_015689015_1	/home/eduardo.tello/estela/fase3/data/refs/L16_Bacillus_altitudinis/GCF_015689015_1.fna	ref	L16_Bacillus_altitudinis	GCF_015689015.1
GCF_029537175_1	/home/eduardo.tello/estela/fase3/data/refs/L16_Bacillus_altitudinis/GCF_029537175_1.fna	ref	L16_Bacillus_altitudinis	GCF_029537175.1
GCF_001578165_1	/home/eduardo.tello/estela/fase3/data/refs/L16_Bacillus_altitudinis/GCF_001578165_1.fna	ref	L16_Bacillus_altitudinis	GCF_001578165.1
GCF_000828455_1	/home/eduardo.tello/estela/fase3/data/refs/L16_Bacillus_altitudinis/GCF_000828455_1.fna	ref	L16_Bacillus_altitudinis	GCF_000828455.1
GCF_003284495_1	/home/eduardo.tello/estela/fase3/data/refs/L16_Bacillus_altitudinis/GCF_003284495_1.fna	ref	L16_Bacillus_altitudinis	GCF_003284495.1
GCF_003049175_1	/home/eduardo.tello/estela/fase3/data/refs/L16_Bacillus_altitudinis/GCF_003049175_1.fna	ref	L16_Bacillus_altitudinis	GCF_003049175.1
GCF_029478555_1	/home/eduardo.tello/estela/fase3/data/refs/L16_Bacillus_altitudinis/GCF_029478555_1.fna	ref	L16_Bacillus_altitudinis	GCF_029478555.1
GCF_016767855_1	/home/eduardo.tello/estela/fase3/data/refs/L16_Bacillus_altitudinis/GCF_016767855_1.fna	ref	L16_Bacillus_altitudinis	GCF_016767855.1
GCF_030122945_1	/home/eduardo.tello/estela/fase3/data/refs/L16_Bacillus_altitudinis/GCF_030122945_1.fna	ref	L16_Bacillus_altitudinis	GCF_030122945.1
GCF_030123125_1	/home/eduardo.tello/estela/fase3/data/refs/L16_Bacillus_altitudinis/GCF_030123125_1.fna	ref	L16_Bacillus_altitudinis	GCF_030123125.1
GCF_002443015_2	/home/eduardo.tello/estela/fase3/data/refs/L16_Bacillus_altitudinis/GCF_002443015_2.fna	ref	L16_Bacillus_altitudinis	GCF_002443015.2
GCF_021654595_1	/home/eduardo.tello/estela/fase3/data/refs/L16_Bacillus_altitudinis/GCF_021654595_1.fna	ref	L16_Bacillus_altitudinis	GCF_021654595.1
GCF_030645085_1	/home/eduardo.tello/estela/fase3/data/refs/L16_Bacillus_altitudinis/GCF_030645085_1.fna	ref	L16_Bacillus_altitudinis	GCF_030645085.1
GCF_026786615_1	/home/eduardo.tello/estela/fase3/data/refs/L16_Bacillus_altitudinis/GCF_026786615_1.fna	ref	L16_Bacillus_altitudinis	GCF_026786615.1
GCF_030291995_1	/home/eduardo.tello/estela/fase3/data/refs/L16_Bacillus_altitudinis/GCF_030291995_1.fna	ref	L16_Bacillus_altitudinis	GCF_030291995.1
GCF_000353245_1	/home/eduardo.tello/estela/fase3/data/refs/L16_Bacillus_altitudinis/GCF_000353245_1.fna	ref	L16_Bacillus_altitudinis	GCF_000353245.1
GCF_013391605_1	/home/eduardo.tello/estela/fase3/data/refs/L16_Bacillus_altitudinis/GCF_013391605_1.fna	ref	L16_Bacillus_altitudinis	GCF_013391605.1
GCF_007671735_1	/home/eduardo.tello/estela/fase3/data/refs/L16_Bacillus_altitudinis/GCF_007671735_1.fna	ref	L16_Bacillus_altitudinis	GCF_007671735.1
GCF_005144805_1	/home/eduardo.tello/estela/fase3/data/refs/L16_Bacillus_altitudinis/GCF_005144805_1.fna	ref	L16_Bacillus_altitudinis	GCF_005144805.1
GCF_000590455_1	/home/eduardo.tello/estela/fase3/data/refs/L16_Bacillus_altitudinis/GCF_000590455_1.fna	ref	L16_Bacillus_altitudinis	GCF_000590455.1
GCF_026787895_1	/home/eduardo.tello/estela/fase3/data/refs/L16_Bacillus_altitudinis/GCF_026787895_1.fna	ref	L16_Bacillus_altitudinis	GCF_026787895.1
GCF_006007905_1	/home/eduardo.tello/estela/fase3/data/refs/L16_Bacillus_altitudinis/GCF_006007905_1.fna	ref	L16_Bacillus_altitudinis	GCF_006007905.1
GCF_030433755_1	/home/eduardo.tello/estela/fase3/data/refs/L16_Bacillus_altitudinis/GCF_030433755_1.fna	ref	L16_Bacillus_altitudinis	GCF_030433755.1
GCF_008123875_1	/home/eduardo.tello/estela/fase3/data/refs/L16_Bacillus_altitudinis/GCF_008123875_1.fna	ref	L16_Bacillus_altitudinis	GCF_008123875.1
GCF_001543165_1	/home/eduardo.tello/estela/fase3/data/refs/L16_Bacillus_altitudinis/GCF_001543165_1.fna	ref	L16_Bacillus_altitudinis	GCF_001543165.1
GCF_002077245_1	/home/eduardo.tello/estela/fase3/data/refs/L16_Bacillus_altitudinis/GCF_002077245_1.fna	ref	L16_Bacillus_altitudinis	GCF_002077245.1
GCF_026787695_1	/home/eduardo.tello/estela/fase3/data/refs/L16_Bacillus_altitudinis/GCF_026787695_1.fna	ref	L16_Bacillus_altitudinis	GCF_026787695.1
bin_5_63	/home/eduardo.tello/estela/fase3/data/bins/bin-5-63.fasta	bin	L16_Bacillus_altitudinis	bin-5-63
GCF_030123165_1	/home/eduardo.tello/estela/fase3/data/refs/L12_Peribacillus_frigoritolerans/GCF_030123165_1.fna	ref	L12_Peribacillus_frigoritolerans	GCF_030123165.1
GCF_023823955_1	/home/eduardo.tello/estela/fase3/data/refs/L12_Peribacillus_frigoritolerans/GCF_023823955_1.fna	ref	L12_Peribacillus_frigoritolerans	GCF_023823955.1
GCF_030122925_1	/home/eduardo.tello/estela/fase3/data/refs/L12_Peribacillus_frigoritolerans/GCF_030122925_1.fna	ref	L12_Peribacillus_frigoritolerans	GCF_030122925.1
GCF_004006475_1	/home/eduardo.tello/estela/fase3/data/refs/L12_Peribacillus_frigoritolerans/GCF_004006475_1.fna	ref	L12_Peribacillus_frigoritolerans	GCF_004006475.1
GCF_022394675_1	/home/eduardo.tello/estela/fase3/data/refs/L12_Peribacillus_frigoritolerans/GCF_022394675_1.fna	ref	L12_Peribacillus_frigoritolerans	GCF_022394675.1
GCF_023823995_1	/home/eduardo.tello/estela/fase3/data/refs/L12_Peribacillus_frigoritolerans/GCF_023823995_1.fna	ref	L12_Peribacillus_frigoritolerans	GCF_023823995.1
GCF_025960625_1	/home/eduardo.tello/estela/fase3/data/refs/L12_Peribacillus_frigoritolerans/GCF_025960625_1.fna	ref	L12_Peribacillus_frigoritolerans	GCF_025960625.1
GCF_001636405_1	/home/eduardo.tello/estela/fase3/data/refs/L12_Peribacillus_frigoritolerans/GCF_001636405_1.fna	ref	L12_Peribacillus_frigoritolerans	GCF_001636405.1
GCA_001636485_1	/home/eduardo.tello/estela/fase3/data/refs/L12_Peribacillus_frigoritolerans/GCA_001636485_1.fna	ref	L12_Peribacillus_frigoritolerans	GCA_001636485.1
GCA_001277355_1	/home/eduardo.tello/estela/fase3/data/refs/L12_Peribacillus_frigoritolerans/GCA_001277355_1.fna	ref	L12_Peribacillus_frigoritolerans	GCA_001277355.1
GCF_014876505_1	/home/eduardo.tello/estela/fase3/data/refs/L12_Peribacillus_frigoritolerans/GCF_014876505_1.fna	ref	L12_Peribacillus_frigoritolerans	GCF_014876505.1
GCA_001277335_1	/home/eduardo.tello/estela/fase3/data/refs/L12_Peribacillus_frigoritolerans/GCA_001277335_1.fna	ref	L12_Peribacillus_frigoritolerans	GCA_001277335.1
GCF_007828935_1	/home/eduardo.tello/estela/fase3/data/refs/L12_Peribacillus_frigoritolerans/GCF_007828935_1.fna	ref	L12_Peribacillus_frigoritolerans	GCF_007828935.1
GCA_000785385_1	/home/eduardo.tello/estela/fase3/data/refs/L12_Peribacillus_frigoritolerans/GCA_000785385_1.fna	ref	L12_Peribacillus_frigoritolerans	GCA_000785385.1
GCF_018613135_1	/home/eduardo.tello/estela/fase3/data/refs/L12_Peribacillus_frigoritolerans/GCF_018613135_1.fna	ref	L12_Peribacillus_frigoritolerans	GCF_018613135.1
GCF_022603155_1	/home/eduardo.tello/estela/fase3/data/refs/L12_Peribacillus_frigoritolerans/GCF_022603155_1.fna	ref	L12_Peribacillus_frigoritolerans	GCF_022603155.1
GCA_001429835_1	/home/eduardo.tello/estela/fase3/data/refs/L12_Peribacillus_frigoritolerans/GCA_001429835_1.fna	ref	L12_Peribacillus_frigoritolerans	GCA_001429835.1
GCA_002998155_1	/home/eduardo.tello/estela/fase3/data/refs/L12_Peribacillus_frigoritolerans/GCA_002998155_1.fna	ref	L12_Peribacillus_frigoritolerans	GCA_002998155.1
GCA_024160055_1	/home/eduardo.tello/estela/fase3/data/refs/L12_Peribacillus_frigoritolerans/GCA_024160055_1.fna	ref	L12_Peribacillus_frigoritolerans	GCA_024160055.1
GCF_024733505_1	/home/eduardo.tello/estela/fase3/data/refs/L12_Peribacillus_frigoritolerans/GCF_024733505_1.fna	ref	L12_Peribacillus_frigoritolerans	GCF_024733505.1
GCA_021012855_1	/home/eduardo.tello/estela/fase3/data/refs/L12_Peribacillus_frigoritolerans/GCA_021012855_1.fna	ref	L12_Peribacillus_frigoritolerans	GCA_021012855.1
GCF_026794655_1	/home/eduardo.tello/estela/fase3/data/refs/L12_Peribacillus_frigoritolerans/GCF_026794655_1.fna	ref	L12_Peribacillus_frigoritolerans	GCF_026794655.1
GCA_001636475_1	/home/eduardo.tello/estela/fase3/data/refs/L12_Peribacillus_frigoritolerans/GCA_001636475_1.fna	ref	L12_Peribacillus_frigoritolerans	GCA_001636475.1
GCA_018613485_1	/home/eduardo.tello/estela/fase3/data/refs/L12_Peribacillus_frigoritolerans/GCA_018613485_1.fna	ref	L12_Peribacillus_frigoritolerans	GCA_018613485.1
GCF_023502885_1	/home/eduardo.tello/estela/fase3/data/refs/L12_Peribacillus_frigoritolerans/GCF_023502885_1.fna	ref	L12_Peribacillus_frigoritolerans	GCF_023502885.1
GCF_026794285_1	/home/eduardo.tello/estela/fase3/data/refs/L12_Peribacillus_frigoritolerans/GCF_026794285_1.fna	ref	L12_Peribacillus_frigoritolerans	GCF_026794285.1
GCF_023502825_1	/home/eduardo.tello/estela/fase3/data/refs/L12_Peribacillus_frigoritolerans/GCF_023502825_1.fna	ref	L12_Peribacillus_frigoritolerans	GCF_023502825.1
GCF_026795095_1	/home/eduardo.tello/estela/fase3/data/refs/L12_Peribacillus_frigoritolerans/GCF_026795095_1.fna	ref	L12_Peribacillus_frigoritolerans	GCF_026795095.1
GCA_030804025_1	/home/eduardo.tello/estela/fase3/data/refs/L12_Peribacillus_frigoritolerans/GCA_030804025_1.fna	ref	L12_Peribacillus_frigoritolerans	GCA_030804025.1
GCF_024169475_1	/home/eduardo.tello/estela/fase3/data/refs/L12_Peribacillus_frigoritolerans/GCF_024169475_1.fna	ref	L12_Peribacillus_frigoritolerans	GCF_024169475.1
GCF_030348775_1	/home/eduardo.tello/estela/fase3/data/refs/L12_Peribacillus_frigoritolerans/GCF_030348775_1.fna	ref	L12_Peribacillus_frigoritolerans	GCF_030348775.1
GCF_030348515_1	/home/eduardo.tello/estela/fase3/data/refs/L12_Peribacillus_frigoritolerans/GCF_030348515_1.fna	ref	L12_Peribacillus_frigoritolerans	GCF_030348515.1
GCF_030348785_1	/home/eduardo.tello/estela/fase3/data/refs/L12_Peribacillus_frigoritolerans/GCF_030348785_1.fna	ref	L12_Peribacillus_frigoritolerans	GCF_030348785.1
GCF_026891895_1	/home/eduardo.tello/estela/fase3/data/refs/L12_Peribacillus_frigoritolerans/GCF_026891895_1.fna	ref	L12_Peribacillus_frigoritolerans	GCF_026891895.1
GCA_014839555_1	/home/eduardo.tello/estela/fase3/data/refs/L12_Peribacillus_frigoritolerans/GCA_014839555_1.fna	ref	L12_Peribacillus_frigoritolerans	GCA_014839555.1
GCF_025548515_1	/home/eduardo.tello/estela/fase3/data/refs/L12_Peribacillus_frigoritolerans/GCF_025548515_1.fna	ref	L12_Peribacillus_frigoritolerans	GCF_025548515.1
GCF_029222345_1	/home/eduardo.tello/estela/fase3/data/refs/L12_Peribacillus_frigoritolerans/GCF_029222345_1.fna	ref	L12_Peribacillus_frigoritolerans	GCF_029222345.1
GCA_016757415_1	/home/eduardo.tello/estela/fase3/data/refs/L12_Peribacillus_frigoritolerans/GCA_016757415_1.fna	ref	L12_Peribacillus_frigoritolerans	GCA_016757415.1
GCF_023714145_1	/home/eduardo.tello/estela/fase3/data/refs/L12_Peribacillus_frigoritolerans/GCF_023714145_1.fna	ref	L12_Peribacillus_frigoritolerans	GCF_023714145.1
GCA_019748875_1	/home/eduardo.tello/estela/fase3/data/refs/L12_Peribacillus_frigoritolerans/GCA_019748875_1.fna	ref	L12_Peribacillus_frigoritolerans	GCA_019748875.1
GCA_002276655_1	/home/eduardo.tello/estela/fase3/data/refs/L12_Peribacillus_frigoritolerans/GCA_002276655_1.fna	ref	L12_Peribacillus_frigoritolerans	GCA_002276655.1
GCF_029625965_1	/home/eduardo.tello/estela/fase3/data/refs/L12_Peribacillus_frigoritolerans/GCF_029625965_1.fna	ref	L12_Peribacillus_frigoritolerans	GCF_029625965.1
bin_1_54	/home/eduardo.tello/estela/fase3/data/bins/bin-1-54.fasta	bin	L12_Peribacillus_frigoritolerans	bin-1-54
GCF_003072585_2	/home/eduardo.tello/estela/fase3/data/refs/L8_Acinetobacter_schindleri/GCF_003072585_2.fna	ref	L8_Acinetobacter_schindleri	GCF_003072585.2
GCF_028657965_1	/home/eduardo.tello/estela/fase3/data/refs/L8_Acinetobacter_schindleri/GCF_028657965_1.fna	ref	L8_Acinetobacter_schindleri	GCF_028657965.1
GCF_001971565_1	/home/eduardo.tello/estela/fase3/data/refs/L8_Acinetobacter_schindleri/GCF_001971565_1.fna	ref	L8_Acinetobacter_schindleri	GCF_001971565.1
GCA_022832955_1	/home/eduardo.tello/estela/fase3/data/refs/L8_Acinetobacter_schindleri/GCA_022832955_1.fna	ref	L8_Acinetobacter_schindleri	GCA_022832955.1
GCF_010919095_1	/home/eduardo.tello/estela/fase3/data/refs/L8_Acinetobacter_schindleri/GCF_010919095_1.fna	ref	L8_Acinetobacter_schindleri	GCF_010919095.1
GCF_010918895_1	/home/eduardo.tello/estela/fase3/data/refs/L8_Acinetobacter_schindleri/GCF_010918895_1.fna	ref	L8_Acinetobacter_schindleri	GCF_010918895.1
GCF_010918635_1	/home/eduardo.tello/estela/fase3/data/refs/L8_Acinetobacter_schindleri/GCF_010918635_1.fna	ref	L8_Acinetobacter_schindleri	GCF_010918635.1
GCF_000368465_1	/home/eduardo.tello/estela/fase3/data/refs/L8_Acinetobacter_schindleri/GCF_000368465_1.fna	ref	L8_Acinetobacter_schindleri	GCF_000368465.1
GCF_000368625_1	/home/eduardo.tello/estela/fase3/data/refs/L8_Acinetobacter_schindleri/GCF_000368625_1.fna	ref	L8_Acinetobacter_schindleri	GCF_000368625.1
GCF_000369585_1	/home/eduardo.tello/estela/fase3/data/refs/L8_Acinetobacter_schindleri/GCF_000369585_1.fna	ref	L8_Acinetobacter_schindleri	GCF_000369585.1
GCF_014204595_1	/home/eduardo.tello/estela/fase3/data/refs/L8_Acinetobacter_schindleri/GCF_014204595_1.fna	ref	L8_Acinetobacter_schindleri	GCF_014204595.1
GCF_001866125_1	/home/eduardo.tello/estela/fase3/data/refs/L8_Acinetobacter_schindleri/GCF_001866125_1.fna	ref	L8_Acinetobacter_schindleri	GCF_001866125.1
GCF_003289665_1	/home/eduardo.tello/estela/fase3/data/refs/L8_Acinetobacter_schindleri/GCF_003289665_1.fna	ref	L8_Acinetobacter_schindleri	GCF_003289665.1
GCF_030973565_1	/home/eduardo.tello/estela/fase3/data/refs/L8_Acinetobacter_schindleri/GCF_030973565_1.fna	ref	L8_Acinetobacter_schindleri	GCF_030973565.1
GCF_024129565_1	/home/eduardo.tello/estela/fase3/data/refs/L8_Acinetobacter_schindleri/GCF_024129565_1.fna	ref	L8_Acinetobacter_schindleri	GCF_024129565.1
GCA_013420325_1	/home/eduardo.tello/estela/fase3/data/refs/L8_Acinetobacter_schindleri/GCA_013420325_1.fna	ref	L8_Acinetobacter_schindleri	GCA_013420325.1
GCF_025513595_1	/home/eduardo.tello/estela/fase3/data/refs/L8_Acinetobacter_schindleri/GCF_025513595_1.fna	ref	L8_Acinetobacter_schindleri	GCF_025513595.1
GCF_023218135_1	/home/eduardo.tello/estela/fase3/data/refs/L8_Acinetobacter_schindleri/GCF_023218135_1.fna	ref	L8_Acinetobacter_schindleri	GCF_023218135.1
GCF_000264725_1	/home/eduardo.tello/estela/fase3/data/refs/L8_Acinetobacter_schindleri/GCF_000264725_1.fna	ref	L8_Acinetobacter_schindleri	GCF_000264725.1
GCF_003069395_1	/home/eduardo.tello/estela/fase3/data/refs/L8_Acinetobacter_schindleri/GCF_003069395_1.fna	ref	L8_Acinetobacter_schindleri	GCF_003069395.1
GCF_025514435_1	/home/eduardo.tello/estela/fase3/data/refs/L8_Acinetobacter_schindleri/GCF_025514435_1.fna	ref	L8_Acinetobacter_schindleri	GCF_025514435.1
GCF_030678615_1	/home/eduardo.tello/estela/fase3/data/refs/L8_Acinetobacter_schindleri/GCF_030678615_1.fna	ref	L8_Acinetobacter_schindleri	GCF_030678615.1
GCF_002918965_1	/home/eduardo.tello/estela/fase3/data/refs/L8_Acinetobacter_schindleri/GCF_002918965_1.fna	ref	L8_Acinetobacter_schindleri	GCF_002918965.1
bin_4_52	/home/eduardo.tello/estela/fase3/data/bins/bin-4-52.fasta	bin	L8_Acinetobacter_schindleri	bin-4-52
