genome,secondary_cluster,threshold,cluster_method,comparison_algorithm,primary_cluster
GCF_002918965_1.fna,1_1,0.010000000000000009,average,fastANI,1
GCF_002919885_1.fna,1_1,0.010000000000000009,average,fastANI,1
GCF_025513595_1.fna,1_2,0.010000000000000009,average,fastANI,1
GCF_000368465_1.fna,1_3,0.010000000000000009,average,fastANI,1
GCF_003289665_1.fna,1_4,0.010000000000000009,average,fastANI,1
GCF_000264725_1.fna,1_5,0.010000000000000009,average,fastANI,1
GCF_030678615_1.fna,1_6,0.010000000000000009,average,fastANI,1
GCF_003072585_2.fna,1_7,0.010000000000000009,average,fastANI,1
GCF_030973565_1.fna,1_8,0.010000000000000009,average,fastANI,1
GCF_001866125_1.fna,1_9,0.010000000000000009,average,fastANI,1
GCF_007833615_1.fna,1_9,0.010000000000000009,average,fastANI,1
GCF_014204595_1.fna,1_10,0.010000000000000009,average,fastANI,1
GCF_027942235_1.fna,1_10,0.010000000000000009,average,fastANI,1
GCF_001077515_1.fna,1_11,0.010000000000000009,average,fastANI,1
GCF_003069395_1.fna,1_11,0.010000000000000009,average,fastANI,1
GCF_001971565_1.fna,1_12,0.010000000000000009,average,fastANI,1
GCA_022832955_1.fna,1_13,0.010000000000000009,average,fastANI,1
GCF_010918635_1.fna,1_14,0.010000000000000009,average,fastANI,1
GCA_013420325_1.fna,1_15,0.010000000000000009,average,fastANI,1
GCF_024129565_1.fna,1_16,0.010000000000000009,average,fastANI,1
GCF_010918895_1.fna,1_17,0.010000000000000009,average,fastANI,1
GCF_010919095_1.fna,1_18,0.010000000000000009,average,fastANI,1
GCF_000301815_1.fna,1_19,0.010000000000000009,average,fastANI,1
GCF_000368625_1.fna,1_19,0.010000000000000009,average,fastANI,1
GCF_001485065_1.fna,1_19,0.010000000000000009,average,fastANI,1
GCF_000369585_1.fna,1_20,0.010000000000000009,average,fastANI,1
GCF_025514435_1.fna,1_21,0.010000000000000009,average,fastANI,1
GCF_023218135_1.fna,1_22,0.010000000000000009,average,fastANI,1
GCF_028657965_1.fna,1_23,0.010000000000000009,average,fastANI,1
