1029823	Pseudomonadota;Moraxellaceae;Acinetobacter;Acinetobacter sp. P8-3-8
106648	Pseudomonadota;Moraxellaceae;Acinetobacter;Acinetobacter bereziniae
106649	Pseudomonadota;Moraxellaceae;Acinetobacter;Acinetobacter guillouiae
106654	Pseudomonadota;Moraxellaceae;Acinetobacter;Acinetobacter nosocomialis
108980	Pseudomonadota;Moraxellaceae;Acinetobacter;Acinetobacter ursingii
108981	Pseudomonadota;Moraxellaceae;Acinetobacter;Acinetobacter schindleri
1120926	Pseudomonadota;Moraxellaceae;Acinetobacter;Acinetobacter gerneri
1120927	Pseudomonadota;Moraxellaceae;Acinetobacter;Acinetobacter tandoii
1120929	Pseudomonadota;Moraxellaceae;Acinetobacter;Acinetobacter towneri
1144665	Pseudomonadota;Moraxellaceae;Acinetobacter;Acinetobacter sp. CIP 102136
1144668	Pseudomonadota;Moraxellaceae;Acinetobacter;Acinetobacter sp. CIP 102529
1144671	Pseudomonadota;Moraxellaceae;Acinetobacter;Acinetobacter sp. CIP 53.82
1144674	Pseudomonadota;Moraxellaceae;Acinetobacter;Acinetobacter sp. CIP A162
1197884	Pseudomonadota;Moraxellaceae;Acinetobacter;Acinetobacter venetianus
1217629	Pseudomonadota;Moraxellaceae;Acinetobacter;Acinetobacter baumannii
1217664	Pseudomonadota;Moraxellaceae;Acinetobacter;Acinetobacter junii
1217666	Pseudomonadota;Moraxellaceae;Acinetobacter;Acinetobacter junii
1217668	Pseudomonadota;Moraxellaceae;Acinetobacter;Acinetobacter lwoffii
1217985	Pseudomonadota;Moraxellaceae;Acinetobacter;Acinetobacter nosocomialis
1221306	Pseudomonadota;Moraxellaceae;Acinetobacter;Acinetobacter junii
1221310	Pseudomonadota;Moraxellaceae;Acinetobacter;Acinetobacter radioresistens
1224	Pseudomonadota;;;
1226327	Pseudomonadota;Moraxellaceae;Acinetobacter;Acinetobacter kookii
1256050	Pseudomonadota;Porticoccaceae;Porticoccus;uncultured Porticoccus sp.
1257043	Pseudomonadota;Moraxellaceae;Acinetobacter;Acinetobacter ursingii
1301620	Pseudomonadota;Moraxellaceae;Acinetobacter;Acinetobacter sp. SM34
1310613	Pseudomonadota;Moraxellaceae;Acinetobacter;Acinetobacter baumannii
1310618	Pseudomonadota;Moraxellaceae;Acinetobacter;Acinetobacter baumannii
1310659	Pseudomonadota;Moraxellaceae;Acinetobacter;Acinetobacter baumannii
1310684	Pseudomonadota;Moraxellaceae;Acinetobacter;Acinetobacter baumannii
1310695	Pseudomonadota;Moraxellaceae;Acinetobacter;Acinetobacter sp. 259052
1310696	Pseudomonadota;Moraxellaceae;Acinetobacter;Acinetobacter sp. 1592897
1310705	Pseudomonadota;Moraxellaceae;Acinetobacter;Acinetobacter sp. 694762
1310734	Pseudomonadota;Moraxellaceae;Acinetobacter;Acinetobacter sp. 216872
1310761	Pseudomonadota;Moraxellaceae;Acinetobacter;Acinetobacter sp. 88816
134533	Pseudomonadota;Moraxellaceae;Acinetobacter;Acinetobacter parvus
147825	Pseudomonadota;Moraxellaceae;Psychrobacter;Psychrobacter proteolyticus
1481665	Pseudomonadota;Alcaligenaceae;Advenella;Advenella alkanexedens
1530123	Pseudomonadota;Moraxellaceae;Acinetobacter;Acinetobacter seifertii
1582270	Pseudomonadota;Moraxellaceae;Acinetobacter;Acinetobacter populi
1661746	Pseudomonadota;Moraxellaceae;Acinetobacter;Acinetobacter sp. C15
1673609	Pseudomonadota;Moraxellaceae;Acinetobacter;Acinetobacter albensis
1758189	Pseudomonadota;Moraxellaceae;Acinetobacter;Acinetobacter sp. ACNIH2
1775557	Pseudomonadota;Moraxellaceae;Acinetobacter;Acinetobacter sp. CFCC 10889
1776740	Pseudomonadota;Moraxellaceae;Acinetobacter;Acinetobacter modestus
1795629	Pseudomonadota;Moraxellaceae;Acinetobacter;Acinetobacter sp. BMW17
1839785	Pseudomonadota;Moraxellaceae;Acinetobacter;Acinetobacter portensis
1841507	Pseudomonadota;Moraxellaceae;Acinetobacter;Acinetobacter sp. AR_0276
1843371	Pseudomonadota;Moraxellaceae;Acinetobacter;Acinetobacter guerrae
1848592	Pseudomonadota;Moraxellaceae;Acinetobacter;Acinetobacter sp. MYb177
1848593	Pseudomonadota;Moraxellaceae;Acinetobacter;Acinetobacter sp. MYb191
1848937	Pseudomonadota;Moraxellaceae;Acinetobacter;Acinetobacter sp. Ac_5812
1856846	Pseudomonadota;Moraxellaceae;Acinetobacter;Acinetobacter sp. 51m
1862567	Pseudomonadota;Moraxellaceae;Acinetobacter;Acinetobacter sp. SA01
1872427	Pseudomonadota;Alcanivoracaceae;Alcanivorax;Alcanivorax sp.
1879050	Pseudomonadota;Moraxellaceae;Acinetobacter;Acinetobacter wuhouensis
1913682	Bacteroidota;Weeksellaceae;Cloacibacterium;Cloacibacterium sp.
1920175	Bacteroidota;Flavobacteriaceae;Polaribacter;Polaribacter sp.
1945925	Pseudomonadota;Moraxellaceae;Acinetobacter;Acinetobacter sp. UBA1297
1945932	Pseudomonadota;Moraxellaceae;Acinetobacter;Acinetobacter sp. UBA2581
1945939	Pseudomonadota;Moraxellaceae;Acinetobacter;Acinetobacter sp. UBA3461
1960826	Pseudomonadota;Moraxellaceae;Acinetobacter;Acinetobacter sp. MF4640
196816	Pseudomonadota;Moraxellaceae;Acinetobacter;
1977087	Pseudomonadota;;;Pseudomonadota bacterium
1977880	Pseudomonadota;Moraxellaceae;Acinetobacter;Acinetobacter sp. ANC 4218
2006115	Pseudomonadota;Moraxellaceae;Acinetobacter;Acinetobacter piscicola
2013711	Pseudomonadota;;;Betaproteobacteria bacterium HGW-Betaproteobacteria-2
202950	Pseudomonadota;Moraxellaceae;Acinetobacter;Acinetobacter baylyi
202951	Pseudomonadota;Moraxellaceae;Acinetobacter;Acinetobacter bouvetii
202952	Pseudomonadota;Moraxellaceae;Acinetobacter;Acinetobacter gerneri
202954	Pseudomonadota;Moraxellaceae;Acinetobacter;Acinetobacter tandoii
202956	Pseudomonadota;Moraxellaceae;Acinetobacter;Acinetobacter towneri
2053287	Pseudomonadota;Moraxellaceae;Acinetobacter;Acinetobacter pseudolwoffii
2053631	Bacillota;;;Tissierellales bacterium
2070537	Pseudomonadota;Acetobacteraceae;Commensalibacter;Commensalibacter melissae
2126983	Pseudomonadota;Moraxellaceae;Acinetobacter;Acinetobacter stercoris
2136182	Pseudomonadota;Moraxellaceae;Acinetobacter;Acinetobacter cumulans
2213016	Pseudomonadota;Moraxellaceae;Acinetobacter;Acinetobacter sp. WCHAc060042
2293834	Pseudomonadota;Moraxellaceae;Acinetobacter;Acinetobacter sp. SWAC57
2293835	Pseudomonadota;Moraxellaceae;Acinetobacter;Acinetobacter sp. SWAC5
2321116	Campylobacterota;Arcobacteraceae;Aliarcobacter;Aliarcobacter sp.
2420312	Pseudomonadota;Moraxellaceae;Acinetobacter;Acinetobacter sp. FDAARGOS_541
2420889	Pseudomonadota;Moraxellaceae;Acinetobacter;Acinetobacter sp. WCHAc060006
2483802	Pseudomonadota;Moraxellaceae;Acinetobacter;Acinetobacter ihumii
2518624	Pseudomonadota;Moraxellaceae;Acinetobacter;Acinetobacter sp. WCHAc060033
2518625	Pseudomonadota;Moraxellaceae;Acinetobacter;Acinetobacter sp. WCHAc060025
2563897	Pseudomonadota;Moraxellaceae;Acinetobacter;Acinetobacter sp. 10FS3-1
2597225	Candidatus Acidulodesulfobacteriota;Candidatus Acidulidesulfobacteraceae;Candidatus Acidulidesulfobacter;Candidatus Acidulidesulfobacter guangdongensis
2601014	Pseudomonadota;Moraxellaceae;Acinetobacter;Acinetobacter sp. Q22-2
2601015	Pseudomonadota;Moraxellaceae;Acinetobacter;Acinetobacter sp. Q278-1
2601017	Pseudomonadota;Moraxellaceae;Acinetobacter;Acinetobacter sp. Q85-2
2601020	Pseudomonadota;Moraxellaceae;Acinetobacter;Acinetobacter sp. YH01004
2601027	Pseudomonadota;Moraxellaceae;Acinetobacter;Acinetobacter sp. YH01011
2601031	Pseudomonadota;Moraxellaceae;Acinetobacter;Acinetobacter sp. YH01016
2601032	Pseudomonadota;Moraxellaceae;Acinetobacter;Acinetobacter sp. YH01018
2601034	Pseudomonadota;Moraxellaceae;Acinetobacter;Acinetobacter sp. YH01020
2601038	Pseudomonadota;Moraxellaceae;Acinetobacter;Acinetobacter sp. YH01025
2601039	Pseudomonadota;Moraxellaceae;Acinetobacter;Acinetobacter sp. YH01026
2601045	Pseudomonadota;Moraxellaceae;Acinetobacter;Acinetobacter sp. YH12035
2601047	Pseudomonadota;Moraxellaceae;Acinetobacter;Acinetobacter sp. YH12039
2601052	Pseudomonadota;Moraxellaceae;Acinetobacter;Acinetobacter sp. YH12046
2601061	Pseudomonadota;Moraxellaceae;Acinetobacter;Acinetobacter sp. YH12063
2601067	Pseudomonadota;Moraxellaceae;Acinetobacter;Acinetobacter sp. YH12071
2601081	Pseudomonadota;Moraxellaceae;Acinetobacter;Acinetobacter sp. YH12090
2601085	Pseudomonadota;Moraxellaceae;Acinetobacter;Acinetobacter sp. YH12096
2601090	Pseudomonadota;Moraxellaceae;Acinetobacter;Acinetobacter sp. YH12101
2601097	Pseudomonadota;Moraxellaceae;Acinetobacter;Acinetobacter sp. YH12110
2601098	Pseudomonadota;Moraxellaceae;Acinetobacter;Acinetobacter sp. YH12111
2601099	Pseudomonadota;Moraxellaceae;Acinetobacter;Acinetobacter sp. YH12112
2601100	Pseudomonadota;Moraxellaceae;Acinetobacter;Acinetobacter sp. YH12113
2601101	Pseudomonadota;Moraxellaceae;Acinetobacter;Acinetobacter sp. YH12114
2601102	Pseudomonadota;Moraxellaceae;Acinetobacter;Acinetobacter sp. YH12115
2601104	Pseudomonadota;Moraxellaceae;Acinetobacter;Acinetobacter sp. YH12117
2601105	Pseudomonadota;Moraxellaceae;Acinetobacter;Acinetobacter sp. YH12118
2601106	Pseudomonadota;Moraxellaceae;Acinetobacter;Acinetobacter sp. YH12119
2601108	Pseudomonadota;Moraxellaceae;Acinetobacter;Acinetobacter sp. YH12123
2601109	Pseudomonadota;Moraxellaceae;Acinetobacter;Acinetobacter sp. YH12124
2601110	Pseudomonadota;Moraxellaceae;Acinetobacter;Acinetobacter sp. YH12125
2601112	Pseudomonadota;Moraxellaceae;Acinetobacter;Acinetobacter sp. YH12127
2601116	Pseudomonadota;Moraxellaceae;Acinetobacter;Acinetobacter sp. YH12132
2601117	Pseudomonadota;Moraxellaceae;Acinetobacter;Acinetobacter sp. YH12133
2601120	Pseudomonadota;Moraxellaceae;Acinetobacter;Acinetobacter sp. YH12136
2601123	Pseudomonadota;Moraxellaceae;Acinetobacter;Acinetobacter sp. YH12139
2601129	Pseudomonadota;Moraxellaceae;Acinetobacter;Acinetobacter sp. YH12145
2601130	Pseudomonadota;Moraxellaceae;Acinetobacter;Acinetobacter sp. YH12147
2601135	Pseudomonadota;Moraxellaceae;Acinetobacter;Acinetobacter sp. YH12155
2601137	Pseudomonadota;Moraxellaceae;Acinetobacter;Acinetobacter sp. YH12157
2601148	Pseudomonadota;Moraxellaceae;Acinetobacter;Acinetobacter sp. YH12212
2601149	Pseudomonadota;Moraxellaceae;Acinetobacter;Acinetobacter sp. YH12214
2601150	Pseudomonadota;Moraxellaceae;Acinetobacter;Acinetobacter sp. YH12216
2601151	Pseudomonadota;Moraxellaceae;Acinetobacter;Acinetobacter sp. YH12217
2601154	Pseudomonadota;Moraxellaceae;Acinetobacter;Acinetobacter sp. YH12222
2601155	Pseudomonadota;Moraxellaceae;Acinetobacter;Acinetobacter sp. YH12223
2601156	Pseudomonadota;Moraxellaceae;Acinetobacter;Acinetobacter sp. YH12224
2601159	Pseudomonadota;Moraxellaceae;Acinetobacter;Acinetobacter sp. YH12230
2601161	Pseudomonadota;Moraxellaceae;Acinetobacter;Acinetobacter sp. YH12233
2601167	Pseudomonadota;Moraxellaceae;Acinetobacter;Acinetobacter sp. YH12241
2601168	Pseudomonadota;Moraxellaceae;Acinetobacter;Acinetobacter sp. YH12242
2601169	Pseudomonadota;Moraxellaceae;Acinetobacter;Acinetobacter sp. YH12243
2601172	Pseudomonadota;Moraxellaceae;Acinetobacter;Acinetobacter sp. YH12247
2601178	Pseudomonadota;Moraxellaceae;Acinetobacter;Acinetobacter sp. YH12254
2601184	Pseudomonadota;Moraxellaceae;Acinetobacter;Acinetobacter sp. YH16039
2601192	Pseudomonadota;Moraxellaceae;Acinetobacter;Acinetobacter sp. YH16053
2601194	Pseudomonadota;Moraxellaceae;Acinetobacter;Acinetobacter sp. YH16056
2601197	Pseudomonadota;Moraxellaceae;Acinetobacter;Acinetobacter sp. YH18001
2601203	Pseudomonadota;Moraxellaceae;Acinetobacter;Acinetobacter sp. YH1901152
2609143	Pseudomonadota;Moraxellaceae;Acinetobacter;Acinetobacter sp. TUM15362
2609144	Pseudomonadota;Moraxellaceae;Acinetobacter;Acinetobacter sp. TUM15363
2609146	Pseudomonadota;Moraxellaceae;Acinetobacter;Acinetobacter sp. TUM15371
2609147	Pseudomonadota;Moraxellaceae;Acinetobacter;Acinetobacter sp. TUM15372
2609148	Pseudomonadota;Moraxellaceae;Acinetobacter;Acinetobacter sp. TUM15375
2609149	Pseudomonadota;Moraxellaceae;Acinetobacter;Acinetobacter sp. TUM15378
2609150	Pseudomonadota;Moraxellaceae;Acinetobacter;Acinetobacter sp. TUM15379
2609151	Pseudomonadota;Moraxellaceae;Acinetobacter;Acinetobacter sp. TUM15380
261164	Pseudomonadota;Moraxellaceae;Psychrobacter;Psychrobacter alimentarius
266126	Pseudomonadota;Azonexaceae;Azonexus;Azonexus caeni
2665161	Pseudomonadota;Moraxellaceae;Acinetobacter;Acinetobacter faecalis
2676445	Pseudomonadota;Acetobacteraceae;Commensalibacter;Commensalibacter sp. ESL0382
2731249	Pseudomonadota;Moraxellaceae;Acinetobacter;Acinetobacter sp. ANC 5378
2731251	Pseudomonadota;Moraxellaceae;Acinetobacter;Acinetobacter sp. ANC 5414
2743575	Pseudomonadota;Moraxellaceae;Acinetobacter;Acinetobacter sp. NEB 394
2749087	Pseudomonadota;Moraxellaceae;Acinetobacter;Acinetobacter sp. Swhac1
2749437	Pseudomonadota;Moraxellaceae;Acinetobacter;Acinetobacter sp. SwsAc4
2749438	Pseudomonadota;Moraxellaceae;Acinetobacter;Acinetobacter sp. SwsAc5
2749439	Pseudomonadota;Moraxellaceae;Acinetobacter;Acinetobacter sp. SwsAc6
2777944	Pseudomonadota;Moraxellaceae;Acinetobacter;Acinetobacter sp. Res13-Abat-PEC02-P3-01
2777945	Pseudomonadota;Moraxellaceae;Acinetobacter;Acinetobacter sp. Res13-Abat-PEC04-P4b-01
2777946	Pseudomonadota;Moraxellaceae;Acinetobacter;Acinetobacter sp. Res13-Abat-PEC06-P4-01
2777947	Pseudomonadota;Moraxellaceae;Acinetobacter;Acinetobacter sp. Res13-Abat-PEC07-P2-02
2777948	Pseudomonadota;Moraxellaceae;Acinetobacter;Acinetobacter sp. Res13-Abat-PEC08-P2-01
2777949	Pseudomonadota;Moraxellaceae;Acinetobacter;Acinetobacter sp. Res13-Abat-PEC09-P3-02
2777950	Pseudomonadota;Moraxellaceae;Acinetobacter;Acinetobacter sp. Res13-Abat-PEC10-P4-01
2777951	Pseudomonadota;Moraxellaceae;Acinetobacter;Acinetobacter sp. Res13-Abat-PEC12-P3-01
2777952	Pseudomonadota;Moraxellaceae;Acinetobacter;Acinetobacter sp. Res13-Abat-PEC12-P5-02
2777953	Pseudomonadota;Moraxellaceae;Acinetobacter;Acinetobacter sp. Res13-Abat-PEC13-P2-01
2777954	Pseudomonadota;Moraxellaceae;Acinetobacter;Acinetobacter sp. Res13-Abat-PEC14-P4-01
2777955	Pseudomonadota;Moraxellaceae;Acinetobacter;Acinetobacter sp. Res13-Abat-PEC15-P4-01
2777956	Pseudomonadota;Moraxellaceae;Acinetobacter;Acinetobacter sp. Res13-Abat-PEC15-P5-02
2798861	Pseudomonadota;Moraxellaceae;Acinetobacter;Acinetobacter sp. CS-2
2799591	Pseudomonadota;Moraxellaceae;Acinetobacter;Acinetobacter sp. KAM392
2799592	Pseudomonadota;Moraxellaceae;Acinetobacter;Acinetobacter sp. KAM393
2799593	Pseudomonadota;Moraxellaceae;Acinetobacter;Acinetobacter sp. KAM394
2799594	Pseudomonadota;Moraxellaceae;Acinetobacter;Acinetobacter sp. KAM395
2799595	Pseudomonadota;Moraxellaceae;Acinetobacter;Acinetobacter sp. KAM396
2799596	Pseudomonadota;Moraxellaceae;Acinetobacter;Acinetobacter sp. KAM397
2799597	Pseudomonadota;Moraxellaceae;Acinetobacter;Acinetobacter sp. KAM398
2799598	Pseudomonadota;Moraxellaceae;Acinetobacter;Acinetobacter sp. KAM399
2799599	Pseudomonadota;Moraxellaceae;Acinetobacter;Acinetobacter sp. KAM400
2799600	Pseudomonadota;Moraxellaceae;Acinetobacter;Acinetobacter sp. KAM401
2799601	Pseudomonadota;Moraxellaceae;Acinetobacter;Acinetobacter sp. KAM402
2799602	Pseudomonadota;Moraxellaceae;Acinetobacter;Acinetobacter sp. KAM403
2799603	Pseudomonadota;Moraxellaceae;Acinetobacter;Acinetobacter sp. KAM404
2799604	Pseudomonadota;Moraxellaceae;Acinetobacter;Acinetobacter sp. KAM405
2799605	Pseudomonadota;Moraxellaceae;Acinetobacter;Acinetobacter sp. KAM406
28090	Pseudomonadota;Moraxellaceae;Acinetobacter;Acinetobacter lwoffii
2815724	Pseudomonadota;Moraxellaceae;Acinetobacter;Acinetobacter sp. CWB-B33
2831996	Bacillota;;;Eubacteriales bacterium
2832643	Uroviricota;;;Caudoviricetes sp.
2839946	Pseudomonadota;Moraxellaceae;Acinetobacter;Acinetobacter sp. UC24323
2865162	Pseudomonadota;Moraxellaceae;Acinetobacter;Acinetobacter sp. PW68
2919383	Pseudomonadota;Moraxellaceae;Acinetobacter;Acinetobacter sp. AOR33_HL
2929514	Pseudomonadota;Moraxellaceae;Acinetobacter;Acinetobacter sp. YH16056_T
2942470	Pseudomonadota;Moraxellaceae;Acinetobacter;Acinetobacter amyesii
29430	Pseudomonadota;Moraxellaceae;Acinetobacter;Acinetobacter haemolyticus
297	Pseudomonadota;Hydrogenophilaceae;Hydrogenophilus;Hydrogenophilus thermoluteolus
2989714	Pseudomonadota;Moraxellaceae;Acinetobacter;Acinetobacter entericus
305700	Pseudomonadota;Zoogloeaceae;Thauera;Thauera sp. 27
3081771	Pseudomonadota;Moraxellaceae;Acinetobacter;Acinetobacter sp. 16
3093920	Pseudomonadota;Acetobacteraceae;Commensalibacter;Commensalibacter sp. A3DC
3110915	Pseudomonadota;Moraxellaceae;Acinetobacter;Acinetobacter sp. Brlt_5
3110920	Pseudomonadota;Moraxellaceae;Acinetobacter;Acinetobacter sp. Lyrl_1
3127956	Pseudomonadota;Moraxellaceae;Acinetobacter;Acinetobacter sp. NS-4
3151487	Pseudomonadota;Moraxellaceae;Acinetobacter;Acinetobacter thermotolerans
3156489	Pseudomonadota;Moraxellaceae;Acinetobacter;Acinetobacter sp. A1-4-2
3273234	Pseudomonadota;Moraxellaceae;Acinetobacter;Acinetobacter sp. AL9
3344662	Pseudomonadota;Moraxellaceae;Acinetobacter;Acinetobacter uliginosus
3414736	Pseudomonadota;Moraxellaceae;Acinetobacter;Acinetobacter sp. AND/436
3415978	Pseudomonadota;Burkholderiaceae;Puribacter;Puribacter membranae
3434463	Pseudomonadota;Moraxellaceae;Acinetobacter;Acinetobacter pengchengensis
3453910	Pseudomonadota;Moraxellaceae;Acinetobacter;Acinetobacter sp. 22323
3467820	Pseudomonadota;Moraxellaceae;Acinetobacter;Acinetobacter sp. Abx-0640-BR
3469223	Pseudomonadota;Moraxellaceae;Acinetobacter;Acinetobacter sp. T63
3474994	Pseudomonadota;Moraxellaceae;Acinetobacter;Acinetobacter sp. NigerLNRRAM0016
3686422	;;;
3687697	Pseudomonadota;Moraxellaceae;Acinetobacter;Acinetobacter sp. SW-226
3714569	Pseudomonadota;Moraxellaceae;Acinetobacter;Acinetobacter sp. CAU_H_S139_7
3714570	Pseudomonadota;Moraxellaceae;Acinetobacter;Acinetobacter sp. CAU_H_S142_4
3721719	Pseudomonadota;Moraxellaceae;Acinetobacter;Acinetobacter sp. 231_lipA
3735419	Pseudomonadota;Moraxellaceae;Acinetobacter;Acinetobacter sp. DTH-28
3738388	Pseudomonadota;Moraxellaceae;Acinetobacter;Acinetobacter sp. CY17
396323	Pseudomonadota;Moraxellaceae;Acinetobacter;Acinetobacter brisouii
401467	Pseudomonadota;Moraxellaceae;Acinetobacter;Acinetobacter sp. A1
40214	Pseudomonadota;Moraxellaceae;Acinetobacter;Acinetobacter johnsonii
40215	Pseudomonadota;Moraxellaceae;Acinetobacter;Acinetobacter junii
40216	Pseudomonadota;Moraxellaceae;Acinetobacter;Acinetobacter radioresistens
40373	Pseudomonadota;Moraxellaceae;Acinetobacter;Acinetobacter sp. CIP-A165
465797	Pseudomonadota;Moraxellaceae;Acinetobacter;Acinetobacter septicus
469	Pseudomonadota;Moraxellaceae;Acinetobacter;
470	Pseudomonadota;Moraxellaceae;Acinetobacter;Acinetobacter baumannii
471	Pseudomonadota;Moraxellaceae;Acinetobacter;Acinetobacter calcoaceticus
472	Pseudomonadota;Moraxellaceae;Acinetobacter;Acinetobacter sp.
48296	Pseudomonadota;Moraxellaceae;Acinetobacter;Acinetobacter pittii
487316	Pseudomonadota;Moraxellaceae;Acinetobacter;Acinetobacter soli
52133	Pseudomonadota;Moraxellaceae;Acinetobacter;Acinetobacter venetianus
529	Pseudomonadota;Brucellaceae;Brucella;Brucella anthropi
573	Pseudomonadota;Enterobacteriaceae;Klebsiella;Klebsiella pneumoniae
575585	Pseudomonadota;Moraxellaceae;Acinetobacter;Acinetobacter calcoaceticus
575588	Pseudomonadota;Moraxellaceae;Acinetobacter;Acinetobacter lwoffii
632955	Pseudomonadota;Moraxellaceae;Acinetobacter;Acinetobacter rudis
70346	Pseudomonadota;Moraxellaceae;Acinetobacter;Acinetobacter variabilis
756892	Pseudomonadota;Moraxellaceae;Acinetobacter;Acinetobacter indicus
77133	;;;uncultured bacterium
903900	Pseudomonadota;Moraxellaceae;Acinetobacter;Acinetobacter radioresistens
909768	Pseudomonadota;Moraxellaceae;Acinetobacter;
981327	Pseudomonadota;Moraxellaceae;Acinetobacter;Acinetobacter lwoffii
981334	Pseudomonadota;Moraxellaceae;Acinetobacter;Acinetobacter radioresistens
981336	Pseudomonadota;Moraxellaceae;Acinetobacter;Acinetobacter ursingii
