id	tipo	cds_bakta	cds_convertidos	cds_descartados
GCF_003072585_2	ref	3133	3133	0
GCF_028657965_1	ref	3106	3105	1
GCF_001971565_1	ref	3080	3080	0
GCA_022832955_1	ref	3552	3552	0
GCF_010919095_1	ref	3146	3144	2
GCF_010918895_1	ref	3134	3134	0
GCF_010918635_1	ref	3176	3175	1
GCF_000368465_1	ref	3257	3257	0
GCF_000368625_1	ref	3173	3173	0
GCF_000369585_1	ref	2965	2965	0
GCF_014204595_1	ref	3012	3012	0
GCF_001866125_1	ref	2941	2941	0
GCF_003289665_1	ref	2781	2781	0
GCF_030973565_1	ref	3125	3124	1
GCF_024129565_1	ref	2920	2920	0
GCA_013420325_1	ref	3245	3245	0
GCF_025513595_1	ref	3172	3172	0
GCF_023218135_1	ref	3051	3051	0
GCF_000264725_1	ref	3039	3039	0
GCF_003069395_1	ref	2955	2955	0
GCF_025514435_1	ref	3241	3241	0
GCF_030678615_1	ref	2933	2933	0
GCF_002918965_1	ref	3258	3258	0
bin_4_52	bin	3266	3266	0
