user_genome	is_ani_classification	class_tree_mapped	classification_rule
bin-1-51	False	1	Rule 2
bin-1-53	True	6	Rule 7
bin-1-54	True	6	Rule 7
bin-1-57	True	5	Rule 7
bin-1-59	True	6	Rule 7
bin-1-64	True	6	Rule 7
bin-1-68	False	5	Rule 2
bin-2-53	True	6	Rule 7
bin-2-57	True	6	Rule 7
bin-2-58	True	6	Rule 7
bin-2-63	True	6	Rule 7
bin-2-69	False	5	Rule 2
bin-3-52	True	1	Rule 7
bin-3-64	False	6	Rule 2
bin-4-52	True	1	Rule 7
bin-5-50	True	6	Rule 7
bin-5-60	True	6	Rule 7
bin-5-63	True	6	Rule 7
bin-6-50	True	1	Rule 7
bin-6-61	True	6	Rule 7
bin-9-71	False	4	Rule 2
