Name	Completeness	Contamination	Completeness_Model_Used	Translation_Table_Used	Coding_Density	Contig_N50	Average_Gene_Length	Genome_Size	GC_Content	Total_Coding_Sequences	Total_Contigs	Max_Contig_Length	Additional_Notes
bin-1-50	62.29	2.66	Neural Network (Specific Model)	11	0.899	28491	310.03007518796994	2609893	0.65	2527	224	89238	None
bin-1-51	100.0	0.0	Neural Network (Specific Model)	11	0.869	189358	315.1876866528831	4727435	0.53	4353	51	475351	None
bin-1-52	6.05	0.2	Neural Network (Specific Model)	11	0.793	25112	251.97254004576658	415732	0.67	437	26	54477	None
bin-1-53	99.84	0.12	Neural Network (Specific Model)	11	0.853	289348	289.8014796547472	2476631	0.32	2433	30	346352	None
bin-1-54	92.25	0.01	Neural Network (Specific Model)	11	0.832	152845	285.1602762562515	4312038	0.41	4199	49	341792	None
bin-1-57	99.99	3.23	Neural Network (Specific Model)	11	0.906	480104	337.17477876106193	4032412	0.66	3616	22	1179189	None
bin-1-58	0.0	17.71	Neural Network (Specific Model)	4	0.848	2555	200.86103542234332	12125594	0.53	17249	4725	369848	None
bin-1-59	99.97	3.07	Neural Network (Specific Model)	11	0.869	410819	307.0534145904284	5907869	0.46	5579	98	1630272	None
bin-1-60	100.0	24.87	Neural Network (Specific Model)	11	0.837	92821	270.01809690601283	8273570	0.36	8565	302	392980	None
bin-1-62	99.72	72.67	Neural Network (Specific Model)	11	0.846	39805	282.1002160994057	7390811	0.43	7404	320	201003	None
bin-1-63	84.85	39.63	Neural Network (Specific Model)	11	0.904	3398	250.97514033680835	5185746	0.46	6235	1626	33894	None
bin-1-64	99.84	0.59	Neural Network (Specific Model)	11	0.883	45351	282.19849551079835	3944265	0.46	4121	163	157501	None
bin-1-68	100.0	1.79	Neural Network (Specific Model)	11	0.902	82894	329.2313829787234	2465224	0.57	2256	50	180376	None
bin-1-69	6.6	0.14	Neural Network (Specific Model)	11	0.837	4261	247.99293286219083	251086	0.41	283	67	11558	None
bin-1-70	31.7	28.68	Gradient Boost (General Model)	11	0.352	2490	89.57185728576192	94251631	0.39	125958	38054	37380	Low confidence prediction - substantial (68%) disagreement between completeness prediction models
bin-1-71	67.71	15.05	Gradient Boost (General Model)	11	0.894	5260	256.1975945017182	1498934	0.46	1746	371	24007	None
bin-1-72	5.87	0.19	Neural Network (Specific Model)	11	0.995	2342	793.0760233918129	408652	0.45	171	167	12017	None
bin-10-71	97.57	30.13	Gradient Boost (General Model)	11	0.9	19815	285.21714476317544	2845557	0.44	2998	506	81328	None
bin-11-71	65.68	17.72	Gradient Boost (General Model)	11	0.361	2442	105.77112088061888	101946556	0.41	117372	41610	163313	Low confidence prediction - substantial (34%) disagreement between completeness prediction models
bin-12-71	43.42	3.52	Gradient Boost (General Model)	11	0.885	2698	283.918637653737	1015904	0.53	1057	383	10928	None
bin-2-52	99.93	8.1	Neural Network (Specific Model)	11	0.88	41570	306.21719633456814	5347688	0.61	5129	270	249811	None
bin-2-53	99.99	0.57	Neural Network (Specific Model)	11	0.849	328450	293.9087987143431	5164804	0.36	4978	39	637706	None
bin-2-54	100.0	15.52	Neural Network (Specific Model)	11	0.821	181681	282.4795918367347	7273841	0.36	7056	106	593981	None
bin-2-57	99.96	1.01	Neural Network (Specific Model)	11	0.827	311707	285.476913851689	5172263	0.41	5003	28	974635	None
bin-2-58	100.0	0.06	Neural Network (Specific Model)	11	0.845	757412	281.40668756530823	4771531	0.43	4785	17	1884510	None
bin-2-59	91.94	115.89	Neural Network (Specific Model)	11	0.836	155110	279.7922285615491	23212147	0.36	23136	424	1259849	None
bin-2-60	100.0	100.33	Neural Network (Specific Model)	11	0.851	108408	277.43276007893996	10390751	0.42	10641	290	828577	None
bin-2-63	92.39	0.34	Neural Network (Specific Model)	11	0.872	46539	282.47598550067966	4282638	0.49	4414	150	179115	None
bin-2-64	0.02	16.03	Neural Network (Specific Model)	4	0.859	2925	196.4936285069165	26083286	0.52	38531	9242	33185	None
bin-2-68	4.99	0.03	Neural Network (Specific Model)	11	0.831	3913	244.02142857142857	246182	0.41	280	70	11083	None
bin-2-69	99.99	0.18	Neural Network (Specific Model)	11	0.902	76261	326.71896853146853	2481071	0.57	2288	61	238261	None
bin-2-70	5.38	0.09	Neural Network (Specific Model)	11	0.897	3285	238.63142857142856	278635	0.35	350	87	11578	None
bin-2-71	56.83	26.01	Neural Network (Specific Model)	11	0.876	2142	206.0891293147862	1368774	0.4	1941	618	8878	None
bin-2-72	79.16	54.3	Neural Network (Specific Model)	11	0.922	4073	274.21226245966295	2485725	0.39	2789	667	40812	None
bin-3-50	13.03	0.08	Neural Network (Specific Model)	11	0.877	1975	224.6216897856242	607902	0.66	793	302	5258	None
bin-3-52	98.97	0.58	Neural Network (Specific Model)	11	0.905	45004	337.4363558044368	5184467	0.66	4643	204	187741	None
bin-3-60	39.27	0.0	Neural Network (Specific Model)	11	0.876	2398	250.23893805309734	2321293	0.47	2712	959	9265	None
bin-3-63	99.91	102.18	Neural Network (Specific Model)	11	0.842	5265	243.1124835742444	19740558	0.37	22830	4589	107312	None
bin-3-64	70.14	0.64	Neural Network (Specific Model)	11	0.887	6425	267.10613026819925	2352198	0.46	2610	459	59302	None
bin-3-70	77.48	75.48	Neural Network (Specific Model)	11	0.868	2364	204.96715328467153	4261799	0.39	6028	1696	27030	None
bin-3-71	97.39	70.7	Gradient Boost (General Model)	11	0.861	3532	293.9858921161826	12324162	0.56	12050	3657	66084	None
bin-3-72	98.53	98.35	Gradient Boost (General Model)	11	0.843	4478	241.00129785853343	6597747	0.32	7705	1741	50763	None
bin-4-50	43.0	0.23	Neural Network (Specific Model)	11	0.906	44982	328.0662295081967	1654013	0.66	1525	97	138061	None
bin-4-52	99.86	0.25	Neural Network (Specific Model)	11	0.86	68294	302.06227436823104	3497259	0.42	3324	96	271873	None
bin-4-61	100.0	58.51	Neural Network (Specific Model)	11	0.839	42834	252.4319986899206	11012084	0.38	12213	1610	402956	None
bin-4-62	90.25	65.7	Gradient Boost (General Model)	11	0.845	3811	236.54264364854419	9759046	0.37	11643	2707	124282	None
bin-4-65	99.99	106.28	Neural Network (Specific Model)	11	0.838	12086	255.82223230490018	20150702	0.37	22040	2506	107793	None
bin-4-70	64.0	2.55	Neural Network (Specific Model)	11	0.867	3510	292.6369509043928	1565460	0.57	1548	484	43810	None
bin-4-71	32.24	2.32	Neural Network (Specific Model)	11	0.909	2175	266.25134649910234	488562	0.67	557	216	7295	None
bin-4-72	4.69	0.01	Neural Network (Specific Model)	11	0.718	3963	170.38571428571427	248801	0.4	350	72	16857	None
bin-5-50	76.56	0.44	Neural Network (Specific Model)	11	0.864	3659	240.9651190762569	3472002	0.42	4157	1041	14707	None
bin-5-52	95.51	12.95	Gradient Boost (General Model)	11	0.89	3730	276.64328358208957	3740736	0.72	4020	1099	50196	None
bin-5-60	77.53	0.1	Neural Network (Specific Model)	11	0.863	51204	275.52432069775244	2849856	0.38	2981	97	154991	None
bin-5-61	97.82	10.64	Neural Network (Specific Model)	11	0.873	322822	302.7059874888293	5811268	0.46	5595	273	874559	None
bin-5-63	72.46	0.05	Neural Network (Specific Model)	11	0.889	48096	292.6266523758485	2758939	0.41	2799	90	151544	None
bin-5-64	100.0	67.99	Neural Network (Specific Model)	11	0.831	6048	239.81156903956867	9450268	0.39	10943	2173	108145	None
bin-5-70	48.48	2.4	Gradient Boost (General Model)	11	0.886	2223	209.7099322799097	628283	0.44	886	282	6693	None
bin-5-71	12.74	0.54	Neural Network (Specific Model)	11	0.865	4330	214.66328257191202	438388	0.33	591	118	12769	None
bin-6-50	100.0	0.65	Neural Network (Specific Model)	11	0.899	14494	311.60685521633263	5543214	0.65	5339	591	61080	None
bin-6-61	100.0	0.74	Neural Network (Specific Model)	11	0.85	288265	280.8698615988432	4792746	0.46	4841	30	706364	None
bin-6-70	68.24	17.99	Gradient Boost (General Model)	11	0.578	2589	109.33688569101277	8190971	0.5	14732	3194	13408	None
bin-6-71	11.79	0.16	Neural Network (Specific Model)	11	0.914	19275	291.8442105263158	453921	0.62	475	34	89838	None
bin-7-64	60.17	0.22	Neural Network (Specific Model)	11	0.877	3252	262.85309523809525	3769741	0.47	4200	1246	14953	None
bin-7-71	7.21	0.05	Neural Network (Specific Model)	11	0.875	2824	306.36842105263156	258968	0.43	247	95	6828	None
bin-8-71	81.92	35.87	Neural Network (Specific Model)	11	0.894	2686	232.99904489016237	2450575	0.4	3141	908	49559	None
bin-9-71	85.09	2.13	Neural Network (Specific Model)	11	0.889	6604	300.7217920353982	1832072	0.43	1808	346	50759	None
